Category,ID,Latitude,Longitude,Date,elev,cirrus_flag,cloud_flag,water_flag
BLUE RIVER LAKE NEAR BLUE RIVER,441022122193200,44.17319444,-122.3242222,2023-08-12 22:32:34 UTC,369.3703316,0.0,0.0,1.0
BLUE RIVER LAKE NEAR BLUE RIVER,441022122193200,44.17319444,-122.3242222,2024-03-26 23:22:56 UTC,369.3712549,0.0,0.0,1.0
BLUE RIVER LAKE NEAR BLUE RIVER,441022122193200,44.17319444,-122.3242222,2024-03-30 21:47:23 UTC,369.3720194,0.0,0.0,1.0
BLUE RIVER LAKE NEAR BLUE RIVER,441022122193200,44.17319444,-122.3242222,2024-04-21 18:32:59 UTC,369.3702999,0.0,0.0,1.0
BLUE RIVER LAKE NEAR BLUE RIVER,441022122193200,44.17319444,-122.3242222,2024-08-01 20:41:02 UTC,369.3732246,0.0,0.0,1.0
BLUE RIVER LAKE NEAR BLUE RIVER,441022122193200,44.17319444,-122.3242222,2024-08-05 19:05:54 UTC,369.3727322,0.0,0.0,1.0
BLUE RIVER LAKE NEAR BLUE RIVER,441022122193200,44.17319444,-122.3242222,2024-08-09 17:29:58 UTC,369.3704496,0.0,0.0,0.0
Barataria Waterway at Champagne Bay nr Grand Isle,073802514,29.3336111,-89.9885,2023-02-19 18:58:54 UTC,-25.5209198,0.0,0.0,1.0
Barataria Waterway at Champagne Bay nr Grand Isle,073802514,29.3336111,-89.9885,2023-04-03 17:29:21 UTC,-25.5203983,0.0,0.0,0.0
Barataria Waterway at Champagne Bay nr Grand Isle,073802514,29.3336111,-89.9885,2023-06-29 15:34:09 UTC,-25.5218785,0.0,0.0,1.0
Barataria Waterway at Champagne Bay nr Grand Isle,073802514,29.3336111,-89.9885,2023-10-03 17:00:36 UTC,-25.5209141,0.0,0.0,0.0
Barataria Waterway at Champagne Bay nr Grand Isle,073802514,29.3336111,-89.9885,2023-12-22 17:48:00 UTC,-25.5206798,0.0,0.0,1.0
Barataria Waterway at Champagne Bay nr Grand Isle,073802514,29.3336111,-89.9885,2024-04-04 16:12:18 UTC,-25.519273,0.0,0.0,1.0
Barataria Waterway at Champagne Bay nr Grand Isle,073802514,29.3336111,-89.9885,2024-04-19 18:42:00 UTC,-25.5215774,0.0,0.0,1.0
Barataria Waterway at Champagne Bay nr Grand Isle,073802514,29.3336111,-89.9885,2024-06-21 17:43:36 UTC,-25.5225636,0.0,0.0,0.0
Barataria Waterway at Champagne Bay nr Grand Isle,073802514,29.3336111,-89.9885,2024-08-21 17:37:23 UTC,-25.5219795,0.0,0.0,1.0
Barataria Waterway at Champagne Bay nr Grand Isle,073802514,29.3336111,-89.9885,2024-08-25 16:00:07 UTC,-25.5204277,0.0,0.0,1.0
Barataria Waterway at Champagne Bay nr Grand Isle,073802514,29.3336111,-89.9885,2024-10-07 14:31:01 UTC,-25.5204062,0.0,0.0,0.0
Bayou Perot at Point Legard near Cutoff,07380330,29.56577778,-90.1655556,2023-02-19 18:58:54 UTC,-26.3127109,0.0,0.0,1.0
Bayou Perot at Point Legard near Cutoff,07380330,29.56577778,-90.1655556,2023-04-03 17:29:21 UTC,-26.3115744,0.0,0.0,0.0
Bayou Perot at Point Legard near Cutoff,07380330,29.56577778,-90.1655556,2023-06-29 15:34:09 UTC,-26.3119883,0.0,0.0,1.0
Bayou Perot at Point Legard near Cutoff,07380330,29.56577778,-90.1655556,2023-09-29 18:36:06 UTC,-26.3113426,0.0,0.0,0.0
Bayou Perot at Point Legard near Cutoff,07380330,29.56577778,-90.1655556,2023-10-03 17:00:36 UTC,-26.3118756,0.0,0.0,0.0
Bayou Perot at Point Legard near Cutoff,07380330,29.56577778,-90.1655556,2023-12-22 17:48:00 UTC,-26.3114553,0.0,0.0,1.0
Bayou Perot at Point Legard near Cutoff,07380330,29.56577778,-90.1655556,2024-04-04 16:12:30 UTC,-26.3110996,0.0,0.0,1.0
Bayou Perot at Point Legard near Cutoff,07380330,29.56577778,-90.1655556,2024-04-19 18:41:48 UTC,-26.3130887,0.0,0.0,1.0
Bayou Perot at Point Legard near Cutoff,07380330,29.56577778,-90.1655556,2024-06-21 17:43:25 UTC,-26.3124893,0.0,0.0,0.0
Bayou Perot at Point Legard near Cutoff,07380330,29.56577778,-90.1655556,2024-08-06 15:07:10 UTC,-26.3110566,0.0,0.0,0.0
Bayou Perot at Point Legard near Cutoff,07380330,29.56577778,-90.1655556,2024-08-21 17:37:11 UTC,-26.3121052,0.0,0.0,1.0
Bayou Perot at Point Legard near Cutoff,07380330,29.56577778,-90.1655556,2024-08-25 15:59:55 UTC,-26.3125061,0.0,0.0,0.0
Bayou Perot at Point Legard near Cutoff,07380330,29.56577778,-90.1655556,2024-09-29 17:42:24 UTC,-26.3114622,0.0,0.0,0.0
Caminada Pass NW of Grand Isle,07380249,29.2313611,-90.0485278,2023-02-19 18:58:54 UTC,-25.2592147,0.0,0.0,1.0
Caminada Pass NW of Grand Isle,07380249,29.2313611,-90.0485278,2023-04-07 15:54:21 UTC,-25.2568715,0.0,0.0,1.0
Caminada Pass NW of Grand Isle,07380249,29.2313611,-90.0485278,2023-06-29 15:34:09 UTC,-25.2591996,0.0,0.0,0.0
Caminada Pass NW of Grand Isle,07380249,29.2313611,-90.0485278,2023-10-03 17:00:36 UTC,-25.2579796,0.0,0.0,1.0
Caminada Pass NW of Grand Isle,07380249,29.2313611,-90.0485278,2023-12-22 17:48:00 UTC,-25.2584556,0.0,0.0,1.0
Caminada Pass NW of Grand Isle,07380249,29.2313611,-90.0485278,2024-04-04 16:12:18 UTC,-25.2569909,0.0,0.0,1.0
Caminada Pass NW of Grand Isle,07380249,29.2313611,-90.0485278,2024-04-19 18:42:00 UTC,-25.2573438,0.0,0.0,1.0
Caminada Pass NW of Grand Isle,07380249,29.2313611,-90.0485278,2024-06-21 17:43:36 UTC,-25.2594903,0.0,0.0,0.0
Caminada Pass NW of Grand Isle,07380249,29.2313611,-90.0485278,2024-08-21 17:37:23 UTC,-25.25826,0.0,0.0,1.0
Caminada Pass NW of Grand Isle,07380249,29.2313611,-90.0485278,2024-10-07 14:31:01 UTC,-25.2567859,0.0,0.0,0.0
DANVERS RIVER AT BEVERLY PIER AT BEVERLY MA,423223070531001,42.53975,-70.88615,2023-02-04 16:31:21 UTC,-27.9426453,0.0,0.0,1.0
DANVERS RIVER AT BEVERLY PIER AT BEVERLY MA,423223070531001,42.53975,-70.88615,2023-04-07 15:59:59 UTC,-27.9366975,0.0,0.0,1.0
DANVERS RIVER AT BEVERLY PIER AT BEVERLY MA,423223070531001,42.53975,-70.88615,2023-06-16 18:04:03 UTC,-27.941613,0.0,0.0,0.0
DANVERS RIVER AT BEVERLY PIER AT BEVERLY MA,423223070531001,42.53975,-70.88615,2023-08-12 19:27:43 UTC,-24.3266139,0.0,0.0,1.0
DANVERS RIVER AT BEVERLY PIER AT BEVERLY MA,423223070531001,42.53975,-70.88615,2023-08-20 16:18:39 UTC,-27.2392818,0.0,0.0,0.0
DANVERS RIVER AT BEVERLY PIER AT BEVERLY MA,423223070531001,42.53975,-70.88615,2023-10-07 15:30:13 UTC,-27.6723717,0.0,0.0,1.0
DANVERS RIVER AT BEVERLY PIER AT BEVERLY MA,423223070531001,42.53975,-70.88615,2024-04-08 14:41:05 UTC,-27.9427808,0.0,0.0,1.0
DANVERS RIVER AT BEVERLY PIER AT BEVERLY MA,423223070531001,42.53975,-70.88615,2024-05-22 21:09:45 UTC,-27.7254209,0.0,0.0,0.0
DANVERS RIVER AT BEVERLY PIER AT BEVERLY MA,423223070531001,42.53975,-70.88615,2024-08-12 18:28:53 UTC,-27.8923302,0.0,0.0,1.0
DETROIT LAKE AT LOG BOOM BEHIND DETROIT DAM,444306122144600,44.7183194,-122.2461389,2024-03-26 23:23:08 UTC,433.7692233,0.0,0.0,1.0
DETROIT LAKE AT LOG BOOM BEHIND DETROIT DAM,444306122144600,44.7183194,-122.2461389,2024-07-28 22:18:22 UTC,433.7678975,0.0,0.0,0.0
DETROIT LAKE AT LOG BOOM BEHIND DETROIT DAM,444306122144600,44.7183194,-122.2461389,2024-08-12 21:33:43 UTC,433.7682552,0.0,0.0,1.0
Empire Waterway south of Empire,07380260,29.30452778,-89.597,2023-12-22 17:48:12 UTC,-25.1861389,0.0,0.0,0.0
Empire Waterway south of Empire,07380260,29.30452778,-89.597,2023-12-26 16:12:15 UTC,-25.1858361,1.0,0.0,0.0
Empire Waterway south of Empire,07380260,29.30452778,-89.597,2024-04-19 18:42:00 UTC,-25.1857006,0.0,0.0,1.0
Empire Waterway south of Empire,07380260,29.30452778,-89.597,2024-06-21 17:43:36 UTC,-25.1862816,0.0,0.0,0.0
Empire Waterway south of Empire,07380260,29.30452778,-89.597,2024-06-25 16:08:07 UTC,-25.1846115,0.0,0.0,0.0
Empire Waterway south of Empire,07380260,29.30452778,-89.597,2024-08-25 16:00:07 UTC,-25.1848268,0.0,0.0,0.0
Empire Waterway south of Empire,07380260,29.30452778,-89.597,2024-10-07 14:31:01 UTC,-25.1847149,0.0,0.0,0.0
FARM RIVER AT FARM RIVER MARINA NR EAST HAVEN,411513072512301,41.25351389,-72.8564111,2023-04-16 18:29:31 UTC,-30.2489421,0.0,0.0,1.0
FARM RIVER AT FARM RIVER MARINA NR EAST HAVEN,411513072512301,41.25351389,-72.8564111,2023-06-23 15:37:29 UTC,-30.1280602,0.0,0.0,0.0
FARM RIVER AT FARM RIVER MARINA NR EAST HAVEN,411513072512301,41.25351389,-72.8564111,2024-04-08 14:40:42 UTC,-29.8975696,0.0,0.0,0.0
FARM RIVER AT FARM RIVER MARINA NR EAST HAVEN,411513072512301,41.25351389,-72.8564111,2024-08-15 17:40:15 UTC,-30.3268757,0.0,0.0,0.0
FARM RIVER AT FARM RIVER MARINA NR EAST HAVEN,411513072512301,41.25351389,-72.8564111,2024-10-12 18:42:15 UTC,-29.999631,0.0,0.0,0.0
FARM RIVER AT THE TROLLY MUSEUM AT EAST HAVEN,411626072514501,41.2739722,-72.86246389,2023-04-16 18:29:31 UTC,-27.0186455,0.0,0.0,1.0
FARM RIVER AT THE TROLLY MUSEUM AT EAST HAVEN,411626072514501,41.2739722,-72.86246389,2023-06-23 15:37:29 UTC,-24.007071,0.0,0.0,1.0
FARM RIVER AT THE TROLLY MUSEUM AT EAST HAVEN,411626072514501,41.2739722,-72.86246389,2024-04-08 14:40:42 UTC,-25.9882917,0.0,0.0,0.0
FARM RIVER AT THE TROLLY MUSEUM AT EAST HAVEN,411626072514501,41.2739722,-72.86246389,2024-08-15 17:40:15 UTC,-23.9852709,0.0,0.0,0.0
FARM RIVER AT THE TROLLY MUSEUM AT EAST HAVEN,411626072514501,41.2739722,-72.86246389,2024-10-12 18:42:15 UTC,-23.8877909,0.0,0.0,0.0
FIRST MALLARD BRANCH NR FAIRFIELD CA,381142122015801,38.19489444,-122.0328139,2023-03-27 23:01:16 UTC,-30.6563402,0.0,0.0,0.0
FIRST MALLARD BRANCH NR FAIRFIELD CA,381142122015801,38.19489444,-122.0328139,2023-05-27 22:53:15 UTC,-30.6503881,0.0,0.0,0.0
FIRST MALLARD BRANCH NR FAIRFIELD CA,381142122015801,38.19489444,-122.0328139,2023-08-03 20:04:36 UTC,-30.6562734,0.0,0.0,0.0
FIRST MALLARD BRANCH NR FAIRFIELD CA,381142122015801,38.19489444,-122.0328139,2023-08-07 18:27:32 UTC,-30.6566531,0.0,0.0,0.0
FIRST MALLARD BRANCH NR FAIRFIELD CA,381142122015801,38.19489444,-122.0328139,2023-08-14 22:34:41 UTC,-30.6552333,0.0,0.0,0.0
FIRST MALLARD BRANCH NR FAIRFIELD CA,381142122015801,38.19489444,-122.0328139,2023-08-18 21:00:19 UTC,-30.6550072,0.0,0.0,0.0
FIRST MALLARD BRANCH NR FAIRFIELD CA,381142122015801,38.19489444,-122.0328139,2023-08-22 19:25:19 UTC,-30.6551697,0.0,0.0,0.0
FIRST MALLARD BRANCH NR FAIRFIELD CA,381142122015801,38.19489444,-122.0328139,2024-01-30 20:47:18 UTC,-30.6348198,0.0,0.0,1.0
FIRST MALLARD BRANCH NR FAIRFIELD CA,381142122015801,38.19489444,-122.0328139,2024-02-03 19:12:40 UTC,-30.4710015,0.0,0.0,0.0
FIRST MALLARD BRANCH NR FAIRFIELD CA,381142122015801,38.19489444,-122.0328139,2024-02-18 20:07:36 UTC,-30.6555096,0.0,0.0,0.0
FIRST MALLARD BRANCH NR FAIRFIELD CA,381142122015801,38.19489444,-122.0328139,2024-03-24 23:21:06 UTC,-30.6245289,0.0,0.0,0.0
FIRST MALLARD BRANCH NR FAIRFIELD CA,381142122015801,38.19489444,-122.0328139,2024-03-28 21:46:00 UTC,-30.6559225,0.0,0.0,0.0
FIRST MALLARD BRANCH NR FAIRFIELD CA,381142122015801,38.19489444,-122.0328139,2024-07-30 20:39:50 UTC,-30.6565667,0.0,0.0,0.0
FIRST MALLARD BRANCH NR FAIRFIELD CA,381142122015801,38.19489444,-122.0328139,2024-08-03 19:04:15 UTC,-30.6563176,0.0,0.0,0.0
FIRST MALLARD BRANCH NR FAIRFIELD CA,381142122015801,38.19489444,-122.0328139,2024-08-10 23:11:20 UTC,-30.6555191,0.0,0.0,0.0
FIRST MALLARD BRANCH NR FAIRFIELD CA,381142122015801,38.19489444,-122.0328139,2024-09-26 21:39:56 UTC,-30.6556888,0.0,0.0,0.0
FLAX POND AT OLD FIELD NY,01304057,40.9628611,-73.1431667,2023-06-07 15:42:14 UTC,-31.2641589,0.0,0.0,0.0
FLAX POND AT OLD FIELD NY,01304057,40.9628611,-73.1431667,2023-06-19 17:15:13 UTC,-30.5291674,0.0,0.0,0.0
FLAX POND AT OLD FIELD NY,01304057,40.9628611,-73.1431667,2023-06-23 15:37:29 UTC,-30.0462373,0.0,0.0,1.0
FLAX POND AT OLD FIELD NY,01304057,40.9628611,-73.1431667,2023-08-15 18:40:58 UTC,-31.2642616,0.0,0.0,0.0
FLAX POND AT OLD FIELD NY,01304057,40.9628611,-73.1431667,2023-08-19 17:06:24 UTC,-30.9959697,0.0,0.0,0.0
FLAX POND AT OLD FIELD NY,01304057,40.9628611,-73.1431667,2023-08-23 15:31:24 UTC,-31.2648151,0.0,0.0,1.0
FLAX POND AT OLD FIELD NY,01304057,40.9628611,-73.1431667,2024-08-11 19:17:15 UTC,-31.2639611,0.0,0.0,0.0
FLAX POND AT OLD FIELD NY,01304057,40.9628611,-73.1431667,2024-08-15 17:40:15 UTC,-31.2642352,0.0,0.0,0.0
FLAX POND AT OLD FIELD NY,01304057,40.9628611,-73.1431667,2024-10-12 18:42:15 UTC,-30.4480144,0.0,0.0,0.0
GRAND CALUMET LAGOON AT MARQUETTE PARK AT GARY,413704087153501,41.61777778,-87.2597222,2024-02-04 16:54:12 UTC,148.8020357,0.0,0.0,0.0
GRAND CALUMET LAGOON AT MARQUETTE PARK AT GARY,413704087153501,41.61777778,-87.2597222,2024-02-13 19:24:33 UTC,148.3468644,0.0,0.0,0.0
GRAND CALUMET LAGOON AT MARQUETTE PARK AT GARY,413704087153501,41.61777778,-87.2597222,2024-03-25 21:02:37 UTC,149.9356494,0.0,0.0,0.0
GRAND CALUMET LAGOON AT MARQUETTE PARK AT GARY,413704087153501,41.61777778,-87.2597222,2024-03-29 19:27:27 UTC,151.0022633,0.0,0.0,0.0
GRAND CALUMET LAGOON AT MARQUETTE PARK AT GARY,413704087153501,41.61777778,-87.2597222,2024-07-27 19:59:02 UTC,149.2807882,0.0,0.0,0.0
GRAND LAKE AT GRAND LAKE,09013900,40.2433333,-105.8130556,2022-08-20 19:22:56 UTC,2543.8823116,0.0,1.0,0.0
GRAND LAKE AT GRAND LAKE,09013900,40.2433333,-105.8130556,2023-01-30 20:27:47 UTC,2543.8815645,0.0,0.0,1.0
GRAND LAKE AT GRAND LAKE,09013900,40.2433333,-105.8130556,2023-02-03 18:50:01 UTC,2543.8820225,0.0,0.0,0.0
GRAND LAKE AT GRAND LAKE,09013900,40.2433333,-105.8130556,2023-03-29 21:27:54 UTC,2543.8818534,0.0,0.0,0.0
GRAND LAKE AT GRAND LAKE,09013900,40.2433333,-105.8130556,2023-04-02 19:53:26 UTC,2543.8815366,0.0,0.0,0.0
GRAND LAKE AT GRAND LAKE,09013900,40.2433333,-105.8130556,2023-04-06 18:18:42 UTC,2543.8808791,0.0,0.0,0.0
GRAND LAKE AT GRAND LAKE,09013900,40.2433333,-105.8130556,2023-04-18 20:01:06 UTC,2543.8817493,0.0,0.0,0.0
GRAND LAKE AT GRAND LAKE,09013900,40.2433333,-105.8130556,2023-05-29 21:18:59 UTC,2543.8816019,0.0,0.0,1.0
GRAND LAKE AT GRAND LAKE,09013900,40.2433333,-105.8130556,2023-06-25 17:08:14 UTC,2543.8811724,0.0,0.0,1.0
GRAND LAKE AT GRAND LAKE,09013900,40.2433333,-105.8130556,2023-08-09 16:53:50 UTC,2543.8812895,0.0,0.0,0.0
GRAND LAKE AT GRAND LAKE,09013900,40.2433333,-105.8130556,2023-10-02 19:25:02 UTC,2543.8816116,0.0,0.0,1.0
GRAND LAKE AT GRAND LAKE,09013900,40.2433333,-105.8130556,2023-10-14 21:04:51 UTC,2543.8821433,0.0,0.0,0.0
GRAND LAKE AT GRAND LAKE,09013900,40.2433333,-105.8130556,2024-04-15 20:15:36 UTC,2543.8815525,0.0,0.0,1.0
GRAND LAKE AT GRAND LAKE,09013900,40.2433333,-105.8130556,2024-05-21 23:30:14 UTC,2543.8820965,0.0,0.0,1.0
GRAND LAKE AT GRAND LAKE,09013900,40.2433333,-105.8130556,2024-06-09 22:28:34 UTC,2543.8813891,0.0,0.0,1.0
GRAND LAKE AT GRAND LAKE,09013900,40.2433333,-105.8130556,2024-08-01 19:06:27 UTC,2543.8810955,0.0,0.0,0.0
GRAND LAKE AT GRAND LAKE,09013900,40.2433333,-105.8130556,2024-08-05 17:31:12 UTC,2543.8813405,0.0,0.0,1.0
GRAND LAKE AT GRAND LAKE,09013900,40.2433333,-105.8130556,2024-08-17 19:11:09 UTC,2543.8820956,0.0,0.0,1.0
GRAND LAKE AT GRAND LAKE,09013900,40.2433333,-105.8130556,2024-10-02 18:30:10 UTC,2543.8813436,0.0,0.0,1.0
GRAND LAKE AT GRAND LAKE,09013900,40.2433333,-105.8130556,2024-10-14 20:14:00 UTC,2543.8822589,1.0,1.0,0.0
GRAND LAKE NR ADAMS TUNNEL W. PORTAL,401428105481601,40.2411111,-105.8044444,2022-08-20 19:22:56 UTC,2543.8679949,0.0,1.0,0.0
GRAND LAKE NR ADAMS TUNNEL W. PORTAL,401428105481601,40.2411111,-105.8044444,2023-01-30 20:27:47 UTC,2543.8670722,0.0,0.0,1.0
GRAND LAKE NR ADAMS TUNNEL W. PORTAL,401428105481601,40.2411111,-105.8044444,2023-02-03 18:50:01 UTC,2543.8672526,0.0,0.0,0.0
GRAND LAKE NR ADAMS TUNNEL W. PORTAL,401428105481601,40.2411111,-105.8044444,2023-03-29 21:27:54 UTC,2543.8670962,0.0,0.0,0.0
GRAND LAKE NR ADAMS TUNNEL W. PORTAL,401428105481601,40.2411111,-105.8044444,2023-04-02 19:53:26 UTC,2543.8672342,0.0,0.0,0.0
GRAND LAKE NR ADAMS TUNNEL W. PORTAL,401428105481601,40.2411111,-105.8044444,2023-04-06 18:18:42 UTC,2543.8676402,0.0,0.0,0.0
GRAND LAKE NR ADAMS TUNNEL W. PORTAL,401428105481601,40.2411111,-105.8044444,2023-04-18 20:01:06 UTC,2543.8671663,0.0,0.0,0.0
GRAND LAKE NR ADAMS TUNNEL W. PORTAL,401428105481601,40.2411111,-105.8044444,2023-05-29 21:18:59 UTC,2543.8673351,0.0,0.0,1.0
GRAND LAKE NR ADAMS TUNNEL W. PORTAL,401428105481601,40.2411111,-105.8044444,2023-06-25 17:08:14 UTC,2543.8677704,0.0,0.0,1.0
GRAND LAKE NR ADAMS TUNNEL W. PORTAL,401428105481601,40.2411111,-105.8044444,2023-08-09 16:53:50 UTC,2543.8674614,0.0,0.0,1.0
GRAND LAKE NR ADAMS TUNNEL W. PORTAL,401428105481601,40.2411111,-105.8044444,2023-10-02 19:25:02 UTC,2543.8669375,0.0,0.0,1.0
GRAND LAKE NR ADAMS TUNNEL W. PORTAL,401428105481601,40.2411111,-105.8044444,2023-10-14 21:04:51 UTC,2543.86776,0.0,0.0,0.0
GRAND LAKE NR ADAMS TUNNEL W. PORTAL,401428105481601,40.2411111,-105.8044444,2024-04-15 20:15:36 UTC,2543.8671403,0.0,0.0,1.0
GRAND LAKE NR ADAMS TUNNEL W. PORTAL,401428105481601,40.2411111,-105.8044444,2024-05-21 23:30:14 UTC,2543.8673592,0.0,0.0,1.0
GRAND LAKE NR ADAMS TUNNEL W. PORTAL,401428105481601,40.2411111,-105.8044444,2024-06-09 22:28:34 UTC,2543.8679003,0.0,0.0,1.0
GRAND LAKE NR ADAMS TUNNEL W. PORTAL,401428105481601,40.2411111,-105.8044444,2024-08-01 19:06:27 UTC,2543.8664551,0.0,0.0,0.0
GRAND LAKE NR ADAMS TUNNEL W. PORTAL,401428105481601,40.2411111,-105.8044444,2024-08-05 17:31:12 UTC,2543.8666922,0.0,0.0,1.0
GRAND LAKE NR ADAMS TUNNEL W. PORTAL,401428105481601,40.2411111,-105.8044444,2024-08-17 19:11:09 UTC,2543.8675326,0.0,0.0,1.0
GRAND LAKE NR ADAMS TUNNEL W. PORTAL,401428105481601,40.2411111,-105.8044444,2024-10-02 18:30:10 UTC,2543.8667644,0.0,0.0,1.0
GRAND LAKE NR ADAMS TUNNEL W. PORTAL,401428105481601,40.2411111,-105.8044444,2024-10-14 20:14:00 UTC,2543.8674681,0.0,0.0,0.0
GRIZZLY BAY A SUISUN SLOUGH NR AVON CA,380631122032201,38.10853056,-122.0559806,2023-03-27 23:01:16 UTC,-31.8134046,0.0,0.0,0.0
GRIZZLY BAY A SUISUN SLOUGH NR AVON CA,380631122032201,38.10853056,-122.0559806,2023-05-27 22:53:15 UTC,-31.8129439,0.0,0.0,1.0
GRIZZLY BAY A SUISUN SLOUGH NR AVON CA,380631122032201,38.10853056,-122.0559806,2023-08-07 18:27:32 UTC,-31.81305,0.0,0.0,1.0
GRIZZLY BAY A SUISUN SLOUGH NR AVON CA,380631122032201,38.10853056,-122.0559806,2023-08-14 22:34:41 UTC,-31.8126949,0.0,0.0,1.0
GRIZZLY BAY A SUISUN SLOUGH NR AVON CA,380631122032201,38.10853056,-122.0559806,2023-08-18 21:00:19 UTC,-31.8128274,0.0,0.0,1.0
GRIZZLY BAY A SUISUN SLOUGH NR AVON CA,380631122032201,38.10853056,-122.0559806,2023-08-22 19:25:19 UTC,-31.8127209,0.0,0.0,1.0
GRIZZLY BAY A SUISUN SLOUGH NR AVON CA,380631122032201,38.10853056,-122.0559806,2023-09-26 22:33:56 UTC,-31.8132236,0.0,0.0,1.0
GRIZZLY BAY A SUISUN SLOUGH NR AVON CA,380631122032201,38.10853056,-122.0559806,2024-01-30 20:47:18 UTC,-31.8133101,0.0,0.0,0.0
GRIZZLY BAY A SUISUN SLOUGH NR AVON CA,380631122032201,38.10853056,-122.0559806,2024-02-03 19:12:40 UTC,-31.8131799,0.0,0.0,0.0
GRIZZLY BAY A SUISUN SLOUGH NR AVON CA,380631122032201,38.10853056,-122.0559806,2024-02-18 20:07:36 UTC,-31.8128012,0.0,0.0,1.0
GRIZZLY BAY A SUISUN SLOUGH NR AVON CA,380631122032201,38.10853056,-122.0559806,2024-03-24 23:21:06 UTC,-31.8129525,0.0,0.0,1.0
GRIZZLY BAY A SUISUN SLOUGH NR AVON CA,380631122032201,38.10853056,-122.0559806,2024-03-28 21:46:00 UTC,-31.8136342,0.0,0.0,0.0
GRIZZLY BAY A SUISUN SLOUGH NR AVON CA,380631122032201,38.10853056,-122.0559806,2024-07-30 20:39:50 UTC,-31.8130304,0.0,0.0,0.0
GRIZZLY BAY A SUISUN SLOUGH NR AVON CA,380631122032201,38.10853056,-122.0559806,2024-08-03 19:04:15 UTC,-31.8133248,0.0,0.0,1.0
GRIZZLY BAY A SUISUN SLOUGH NR AVON CA,380631122032201,38.10853056,-122.0559806,2024-08-10 23:11:20 UTC,-31.812678,0.0,0.0,1.0
GRIZZLY BAY A SUISUN SLOUGH NR AVON CA,380631122032201,38.10853056,-122.0559806,2024-09-26 21:39:56 UTC,-31.8134222,0.0,0.0,1.0
HOG ISLAND CHANNEL AT ISLAND PARK NY,01311143,40.60865278,-73.6561722,2023-06-19 17:15:13 UTC,-32.4880487,0.0,0.0,0.0
HOG ISLAND CHANNEL AT ISLAND PARK NY,01311143,40.60865278,-73.6561722,2023-08-15 18:40:58 UTC,-32.4879438,0.0,0.0,1.0
HOG ISLAND CHANNEL AT ISLAND PARK NY,01311143,40.60865278,-73.6561722,2023-08-19 17:06:24 UTC,-32.4872754,0.0,0.0,1.0
HOG ISLAND CHANNEL AT ISLAND PARK NY,01311143,40.60865278,-73.6561722,2024-04-24 14:37:48 UTC,-32.4866831,0.0,0.0,0.0
Hackberry Bay NW of Grand Isle,073802512,29.39858028,-90.0411947,2023-02-19 18:58:54 UTC,-25.7642653,0.0,0.0,1.0
Hackberry Bay NW of Grand Isle,073802512,29.39858028,-90.0411947,2023-04-03 17:29:21 UTC,-25.7625843,0.0,0.0,0.0
Hackberry Bay NW of Grand Isle,073802512,29.39858028,-90.0411947,2023-06-29 15:34:09 UTC,-25.7637597,0.0,0.0,0.0
Hackberry Bay NW of Grand Isle,073802512,29.39858028,-90.0411947,2023-09-29 18:36:06 UTC,-25.7623987,0.0,0.0,0.0
Hackberry Bay NW of Grand Isle,073802512,29.39858028,-90.0411947,2023-10-03 17:00:36 UTC,-25.7624715,0.0,0.0,1.0
Hackberry Bay NW of Grand Isle,073802512,29.39858028,-90.0411947,2023-12-22 17:48:00 UTC,-25.7641141,0.0,0.0,1.0
Hackberry Bay NW of Grand Isle,073802512,29.39858028,-90.0411947,2024-04-04 16:12:18 UTC,-25.7630527,0.0,0.0,1.0
Hackberry Bay NW of Grand Isle,073802512,29.39858028,-90.0411947,2024-04-19 18:42:00 UTC,-25.7640948,0.0,0.0,1.0
Hackberry Bay NW of Grand Isle,073802512,29.39858028,-90.0411947,2024-06-21 17:43:36 UTC,-25.7632373,0.0,0.0,0.0
Hackberry Bay NW of Grand Isle,073802512,29.39858028,-90.0411947,2024-08-21 17:37:23 UTC,-25.7636856,0.0,0.0,1.0
Hackberry Bay NW of Grand Isle,073802512,29.39858028,-90.0411947,2024-08-25 16:00:07 UTC,-25.7642749,0.0,0.0,1.0
Hackberry Bay NW of Grand Isle,073802512,29.39858028,-90.0411947,2024-10-07 14:31:01 UTC,-25.7630611,0.0,0.0,1.0
IRONDEQUOIT BAY AT POINT PLEASANT NY,431314077315901,43.22059167,-77.5332333,2024-03-30 18:41:14 UTC,36.9073775,0.0,0.0,1.0
IRONDEQUOIT BAY AT POINT PLEASANT NY,431314077315901,43.22059167,-77.5332333,2024-07-28 19:12:05 UTC,36.907017,0.0,0.0,1.0
IRONDEQUOIT BAY AT POINT PLEASANT NY,431314077315901,43.22059167,-77.5332333,2024-08-01 17:34:47 UTC,36.9072071,0.0,0.0,0.0
IRONDEQUOIT BAY AT POINT PLEASANT NY,431314077315901,43.22059167,-77.5332333,2024-08-05 15:59:32 UTC,36.9067853,0.0,0.0,0.0
IRONDEQUOIT BAY AT POINT PLEASANT NY,431314077315901,43.22059167,-77.5332333,2024-08-11 19:16:04 UTC,36.9069147,0.0,0.0,1.0
IRONDEQUOIT BAY AT POINT PLEASANT NY,431314077315901,43.22059167,-77.5332333,2024-08-15 17:39:04 UTC,36.9073262,0.0,0.0,0.0
IRONDEQUOIT BAY AT POINT PLEASANT NY,431314077315901,43.22059167,-77.5332333,2024-10-12 18:41:04 UTC,36.9060611,0.0,0.0,1.0
LAKE GRANBY EAST NEAR GRANBY,400806105474700,40.135,-105.7963889,2023-01-30 20:27:47 UTC,2510.7680995,0.0,0.0,1.0
LAKE GRANBY EAST NEAR GRANBY,400806105474700,40.135,-105.7963889,2023-02-03 18:50:01 UTC,2510.768228,0.0,0.0,0.0
LAKE GRANBY EAST NEAR GRANBY,400806105474700,40.135,-105.7963889,2023-03-29 21:27:54 UTC,2510.7687447,1.0,0.0,0.0
LAKE GRANBY EAST NEAR GRANBY,400806105474700,40.135,-105.7963889,2023-04-02 19:53:26 UTC,2510.7676298,0.0,0.0,0.0
LAKE GRANBY EAST NEAR GRANBY,400806105474700,40.135,-105.7963889,2023-04-06 18:18:42 UTC,2510.7685618,0.0,0.0,0.0
LAKE GRANBY EAST NEAR GRANBY,400806105474700,40.135,-105.7963889,2023-04-18 20:01:06 UTC,2510.7685728,0.0,0.0,0.0
LAKE GRANBY EAST NEAR GRANBY,400806105474700,40.135,-105.7963889,2023-05-29 21:18:59 UTC,2510.7677274,0.0,0.0,1.0
LAKE GRANBY EAST NEAR GRANBY,400806105474700,40.135,-105.7963889,2023-06-02 19:40:51 UTC,2510.7681038,0.0,0.0,1.0
LAKE GRANBY EAST NEAR GRANBY,400806105474700,40.135,-105.7963889,2023-06-25 17:08:14 UTC,2510.7690609,0.0,0.0,1.0
LAKE GRANBY EAST NEAR GRANBY,400806105474700,40.135,-105.7963889,2023-08-09 16:53:50 UTC,2510.768703,0.0,0.0,1.0
LAKE GRANBY EAST NEAR GRANBY,400806105474700,40.135,-105.7963889,2023-10-02 19:25:02 UTC,2510.7681618,0.0,0.0,1.0
LAKE GRANBY EAST NEAR GRANBY,400806105474700,40.135,-105.7963889,2023-10-14 21:04:51 UTC,2510.7683276,1.0,1.0,0.0
LAKE GRANBY EAST NEAR GRANBY,400806105474700,40.135,-105.7963889,2024-04-07 17:00:08 UTC,2510.7682902,0.0,1.0,0.0
LAKE GRANBY EAST NEAR GRANBY,400806105474700,40.135,-105.7963889,2024-04-15 20:15:36 UTC,2510.7683491,0.0,0.0,1.0
LAKE GRANBY EAST NEAR GRANBY,400806105474700,40.135,-105.7963889,2024-05-21 23:30:14 UTC,2510.7681178,0.0,0.0,1.0
LAKE GRANBY EAST NEAR GRANBY,400806105474700,40.135,-105.7963889,2024-06-09 22:28:46 UTC,2510.7684247,0.0,1.0,0.0
LAKE GRANBY EAST NEAR GRANBY,400806105474700,40.135,-105.7963889,2024-08-05 17:31:12 UTC,2510.7676207,0.0,0.0,1.0
LAKE GRANBY EAST NEAR GRANBY,400806105474700,40.135,-105.7963889,2024-08-17 19:11:09 UTC,2510.7682767,0.0,0.0,1.0
LAKE GRANBY EAST NEAR GRANBY,400806105474700,40.135,-105.7963889,2024-10-02 18:30:10 UTC,2510.7677189,0.0,0.0,1.0
LAKE GRANBY EAST NEAR GRANBY,400806105474700,40.135,-105.7963889,2024-10-06 16:54:46 UTC,2510.7680218,0.0,0.0,1.0
LAKE GRANBY EAST NEAR GRANBY,400806105474700,40.135,-105.7963889,2024-10-14 20:14:00 UTC,2510.7682078,0.0,0.0,0.0
LAKE GRANBY NEAR GRANBY,09018500,40.1497222,-105.8649,2023-01-30 20:27:47 UTC,2510.8513803,0.0,0.0,0.0
LAKE GRANBY NEAR GRANBY,09018500,40.1497222,-105.8649,2023-02-03 18:50:01 UTC,2510.851707,0.0,0.0,0.0
LAKE GRANBY NEAR GRANBY,09018500,40.1497222,-105.8649,2023-03-29 21:27:54 UTC,2510.8516892,1.0,0.0,0.0
LAKE GRANBY NEAR GRANBY,09018500,40.1497222,-105.8649,2023-04-02 19:53:26 UTC,2510.8512676,0.0,0.0,0.0
LAKE GRANBY NEAR GRANBY,09018500,40.1497222,-105.8649,2023-04-06 18:18:42 UTC,2510.8516801,0.0,0.0,0.0
LAKE GRANBY NEAR GRANBY,09018500,40.1497222,-105.8649,2023-04-18 20:01:06 UTC,2510.8517376,0.0,0.0,0.0
LAKE GRANBY NEAR GRANBY,09018500,40.1497222,-105.8649,2023-05-29 21:18:59 UTC,2510.8516831,0.0,0.0,1.0
LAKE GRANBY NEAR GRANBY,09018500,40.1497222,-105.8649,2023-06-25 17:08:14 UTC,2510.8522114,0.0,0.0,1.0
LAKE GRANBY NEAR GRANBY,09018500,40.1497222,-105.8649,2023-08-09 16:53:38 UTC,2510.8515874,0.0,0.0,0.0
LAKE GRANBY NEAR GRANBY,09018500,40.1497222,-105.8649,2023-10-02 19:25:02 UTC,2510.8517202,0.0,0.0,1.0
LAKE GRANBY NEAR GRANBY,09018500,40.1497222,-105.8649,2023-10-14 21:04:51 UTC,2510.8520955,0.0,1.0,0.0
LAKE GRANBY NEAR GRANBY,09018500,40.1497222,-105.8649,2024-04-07 17:00:08 UTC,2510.8517273,0.0,0.0,0.0
LAKE GRANBY NEAR GRANBY,09018500,40.1497222,-105.8649,2024-04-15 20:15:36 UTC,2510.851525,0.0,0.0,1.0
LAKE GRANBY NEAR GRANBY,09018500,40.1497222,-105.8649,2024-05-21 23:30:14 UTC,2510.851805,0.0,0.0,1.0
LAKE GRANBY NEAR GRANBY,09018500,40.1497222,-105.8649,2024-06-09 22:28:34 UTC,2510.8515657,0.0,0.0,0.0
LAKE GRANBY NEAR GRANBY,09018500,40.1497222,-105.8649,2024-08-01 19:06:27 UTC,2510.8513138,0.0,0.0,1.0
LAKE GRANBY NEAR GRANBY,09018500,40.1497222,-105.8649,2024-08-05 17:31:12 UTC,2510.85184,0.0,0.0,1.0
LAKE GRANBY NEAR GRANBY,09018500,40.1497222,-105.8649,2024-08-17 19:11:09 UTC,2510.851663,0.0,0.0,0.0
LAKE GRANBY NEAR GRANBY,09018500,40.1497222,-105.8649,2024-10-02 18:30:10 UTC,2510.851182,0.0,0.0,1.0
LAKE GRANBY NEAR GRANBY,09018500,40.1497222,-105.8649,2024-10-14 20:14:00 UTC,2510.851461,0.0,0.0,1.0
LAKE GRANBY NR PUMP STATION INTAKE NR GRAND LK,401030105521101,40.175,-105.8697222,2023-01-30 20:27:47 UTC,2510.875481,0.0,0.0,0.0
LAKE GRANBY NR PUMP STATION INTAKE NR GRAND LK,401030105521101,40.175,-105.8697222,2023-02-03 18:50:01 UTC,2510.8755054,0.0,0.0,0.0
LAKE GRANBY NR PUMP STATION INTAKE NR GRAND LK,401030105521101,40.175,-105.8697222,2023-03-29 21:27:54 UTC,2510.8758711,0.0,0.0,0.0
LAKE GRANBY NR PUMP STATION INTAKE NR GRAND LK,401030105521101,40.175,-105.8697222,2023-04-02 19:53:26 UTC,2510.8754153,0.0,0.0,0.0
LAKE GRANBY NR PUMP STATION INTAKE NR GRAND LK,401030105521101,40.175,-105.8697222,2023-04-06 18:18:42 UTC,2510.8756768,0.0,0.0,0.0
LAKE GRANBY NR PUMP STATION INTAKE NR GRAND LK,401030105521101,40.175,-105.8697222,2023-04-18 20:01:06 UTC,2510.875887,0.0,0.0,0.0
LAKE GRANBY NR PUMP STATION INTAKE NR GRAND LK,401030105521101,40.175,-105.8697222,2023-05-29 21:18:59 UTC,2510.8755645,0.0,0.0,1.0
LAKE GRANBY NR PUMP STATION INTAKE NR GRAND LK,401030105521101,40.175,-105.8697222,2023-06-25 17:08:14 UTC,2510.876256,0.0,0.0,1.0
LAKE GRANBY NR PUMP STATION INTAKE NR GRAND LK,401030105521101,40.175,-105.8697222,2023-08-09 16:53:38 UTC,2510.8758634,0.0,0.0,1.0
LAKE GRANBY NR PUMP STATION INTAKE NR GRAND LK,401030105521101,40.175,-105.8697222,2023-10-02 19:25:02 UTC,2510.8759218,0.0,0.0,1.0
LAKE GRANBY NR PUMP STATION INTAKE NR GRAND LK,401030105521101,40.175,-105.8697222,2023-10-14 21:04:51 UTC,2510.8764931,0.0,0.0,0.0
LAKE GRANBY NR PUMP STATION INTAKE NR GRAND LK,401030105521101,40.175,-105.8697222,2024-04-07 17:00:08 UTC,2510.8756498,0.0,0.0,0.0
LAKE GRANBY NR PUMP STATION INTAKE NR GRAND LK,401030105521101,40.175,-105.8697222,2024-04-15 20:15:36 UTC,2510.8764228,0.0,0.0,1.0
LAKE GRANBY NR PUMP STATION INTAKE NR GRAND LK,401030105521101,40.175,-105.8697222,2024-05-21 23:30:14 UTC,2510.8759833,0.0,0.0,1.0
LAKE GRANBY NR PUMP STATION INTAKE NR GRAND LK,401030105521101,40.175,-105.8697222,2024-06-09 22:28:34 UTC,2510.8765112,0.0,0.0,1.0
LAKE GRANBY NR PUMP STATION INTAKE NR GRAND LK,401030105521101,40.175,-105.8697222,2024-08-01 19:06:27 UTC,2510.8757161,0.0,0.0,0.0
LAKE GRANBY NR PUMP STATION INTAKE NR GRAND LK,401030105521101,40.175,-105.8697222,2024-08-05 17:31:12 UTC,2510.8754546,0.0,0.0,1.0
LAKE GRANBY NR PUMP STATION INTAKE NR GRAND LK,401030105521101,40.175,-105.8697222,2024-08-17 19:11:09 UTC,2510.8757062,0.0,0.0,0.0
LAKE GRANBY NR PUMP STATION INTAKE NR GRAND LK,401030105521101,40.175,-105.8697222,2024-10-02 18:30:10 UTC,2510.8759323,0.0,0.0,1.0
LAKE GRANBY NR PUMP STATION INTAKE NR GRAND LK,401030105521101,40.175,-105.8697222,2024-10-14 20:14:00 UTC,2510.8758292,0.0,0.0,1.0
Little Lake near Bay Dosgris E of Galliano,292800090060000,29.46666667,-90.1,2023-02-19 18:58:54 UTC,-26.006418,0.0,0.0,1.0
Little Lake near Bay Dosgris E of Galliano,292800090060000,29.46666667,-90.1,2023-04-03 17:29:21 UTC,-26.0047119,0.0,0.0,0.0
Little Lake near Bay Dosgris E of Galliano,292800090060000,29.46666667,-90.1,2023-06-29 15:34:09 UTC,-26.0055987,0.0,0.0,0.0
Little Lake near Bay Dosgris E of Galliano,292800090060000,29.46666667,-90.1,2023-09-29 18:36:06 UTC,-26.0041336,0.0,0.0,0.0
Little Lake near Bay Dosgris E of Galliano,292800090060000,29.46666667,-90.1,2023-10-03 17:00:36 UTC,-26.0047638,0.0,0.0,1.0
Little Lake near Bay Dosgris E of Galliano,292800090060000,29.46666667,-90.1,2023-12-22 17:48:00 UTC,-26.005467,0.0,0.0,1.0
Little Lake near Bay Dosgris E of Galliano,292800090060000,29.46666667,-90.1,2024-04-04 16:12:18 UTC,-26.0056383,0.0,0.0,1.0
Little Lake near Bay Dosgris E of Galliano,292800090060000,29.46666667,-90.1,2024-04-19 18:42:00 UTC,-26.0059383,0.0,0.0,1.0
Little Lake near Bay Dosgris E of Galliano,292800090060000,29.46666667,-90.1,2024-06-21 17:43:25 UTC,-26.006031,0.0,0.0,0.0
Little Lake near Bay Dosgris E of Galliano,292800090060000,29.46666667,-90.1,2024-08-06 15:06:58 UTC,-26.0042946,0.0,0.0,1.0
Little Lake near Bay Dosgris E of Galliano,292800090060000,29.46666667,-90.1,2024-08-21 17:37:23 UTC,-26.0060227,0.0,0.0,1.0
Little Lake near Bay Dosgris E of Galliano,292800090060000,29.46666667,-90.1,2024-08-25 15:59:55 UTC,-26.0058644,0.0,0.0,1.0
Little Lake near Bay Dosgris E of Galliano,292800090060000,29.46666667,-90.1,2024-10-07 14:31:01 UTC,-26.0043809,0.0,0.0,1.0
Lk Houston S Union Pacific RR Bridge nr Houston,295826095082200,29.97393333,-95.1393833,2023-02-03 17:13:05 UTC,-13.5398243,0.0,0.0,1.0
Lk Houston S Union Pacific RR Bridge nr Houston,295826095082200,29.97393333,-95.1393833,2023-04-06 16:41:41 UTC,-13.5397625,0.0,0.0,1.0
Lk Houston S Union Pacific RR Bridge nr Houston,295826095082200,29.97393333,-95.1393833,2023-06-02 18:04:06 UTC,-13.5397764,0.0,0.0,1.0
Lk Houston S Union Pacific RR Bridge nr Houston,295826095082200,29.97393333,-95.1393833,2023-10-02 17:48:01 UTC,-13.539792,0.0,0.0,1.0
Lk Houston S Union Pacific RR Bridge nr Houston,295826095082200,29.97393333,-95.1393833,2023-10-06 16:12:11 UTC,-13.5397029,0.0,0.0,0.0
Lk Houston S Union Pacific RR Bridge nr Houston,295826095082200,29.97393333,-95.1393833,2023-10-29 15:32:24 UTC,-13.5398714,0.0,0.0,1.0
Lk Houston S Union Pacific RR Bridge nr Houston,295826095082200,29.97393333,-95.1393833,2024-04-22 17:51:02 UTC,-13.53985,0.0,0.0,1.0
Lk Houston S Union Pacific RR Bridge nr Houston,295826095082200,29.97393333,-95.1393833,2024-06-28 15:19:10 UTC,-13.5398774,0.0,0.0,1.0
Lk Houston S Union Pacific RR Bridge nr Houston,295826095082200,29.97393333,-95.1393833,2024-10-02 16:53:15 UTC,-13.5397308,0.0,0.0,1.0
Lk Houston S Union Pacific RR Bridge nr Houston,295826095082200,29.97393333,-95.1393833,2024-10-06 15:17:56 UTC,-13.5397854,0.0,0.0,1.0
Long Lake at BEN Dock at Long Lake,423784088133401,42.3784,-88.1334,2024-02-13 19:24:10 UTC,194.8624633,0.0,0.0,1.0
Long Lake at BEN Dock at Long Lake,423784088133401,42.3784,-88.1334,2024-08-13 19:14:26 UTC,190.7928845,0.0,0.0,0.0
Lynchburg Res nr CWA Canal Inflow nr Baytown,294643095035200,29.7785861,-95.0644278,2023-02-03 17:13:05 UTC,-28.4713143,0.0,0.0,0.0
Lynchburg Res nr CWA Canal Inflow nr Baytown,294643095035200,29.7785861,-95.0644278,2023-04-06 16:41:41 UTC,-28.4713713,0.0,0.0,1.0
Lynchburg Res nr CWA Canal Inflow nr Baytown,294643095035200,29.7785861,-95.0644278,2023-06-02 18:04:06 UTC,-28.4715443,0.0,0.0,0.0
Lynchburg Res nr CWA Canal Inflow nr Baytown,294643095035200,29.7785861,-95.0644278,2023-10-06 16:12:11 UTC,-28.4715716,0.0,0.0,1.0
Lynchburg Res nr CWA Canal Inflow nr Baytown,294643095035200,29.7785861,-95.0644278,2023-10-25 17:08:14 UTC,-28.4715963,0.0,0.0,1.0
Lynchburg Res nr CWA Canal Inflow nr Baytown,294643095035200,29.7785861,-95.0644278,2023-10-29 15:32:24 UTC,-28.4715016,0.0,0.0,0.0
Lynchburg Res nr CWA Canal Inflow nr Baytown,294643095035200,29.7785861,-95.0644278,2024-04-22 17:51:02 UTC,-28.4716898,0.0,0.0,0.0
Lynchburg Res nr CWA Canal Inflow nr Baytown,294643095035200,29.7785861,-95.0644278,2024-06-28 15:19:10 UTC,-28.4715896,0.0,0.0,0.0
Lynchburg Res nr CWA Canal Inflow nr Baytown,294643095035200,29.7785861,-95.0644278,2024-10-06 15:17:56 UTC,-28.4714428,0.0,0.0,0.0
MALHEUR LAKE - MESOCOSM 1,431946118493601,43.32930556,-118.8265833,2023-06-20 19:32:09 UTC,1228.8107487,0.0,0.0,0.0
MALHEUR LAKE - MESOCOSM 1,431946118493601,43.32930556,-118.8265833,2023-08-20 19:24:11 UTC,1228.8112088,1.0,0.0,0.0
MALHEUR LAKE - MESOCOSM 1,431946118493601,43.32930556,-118.8265833,2023-08-24 17:49:02 UTC,1228.810846,0.0,0.0,1.0
MALHEUR LAKE - MESOCOSM 1,431946118493601,43.32930556,-118.8265833,2024-02-02 20:01:51 UTC,1228.8107973,0.0,0.0,1.0
MALHEUR LAKE - MESOCOSM 1,431946118493601,43.32930556,-118.8265833,2024-03-31 20:59:43 UTC,1228.8111592,0.0,0.0,1.0
MALHEUR LAKE - MESOCOSM 1,431946118493601,43.32930556,-118.8265833,2024-07-29 21:30:01 UTC,1228.8110209,0.0,0.0,1.0
MALHEUR LAKE - MESOCOSM 1,431946118493601,43.32930556,-118.8265833,2024-08-02 19:53:36 UTC,1228.8110415,0.0,0.0,0.0
MALHEUR LAKE - MESOCOSM 1,431946118493601,43.32930556,-118.8265833,2024-08-12 21:34:18 UTC,1228.8110723,0.0,0.0,0.0
MALHEUR LAKE - MESOCOSM 1,431946118493601,43.32930556,-118.8265833,2024-08-16 19:57:12 UTC,1228.8110913,0.0,0.0,1.0
MALHEUR LAKE - MESOCOSM 10,431946118493610,43.32930556,-118.8265833,2023-06-20 19:32:09 UTC,1228.8107487,0.0,0.0,0.0
MALHEUR LAKE - MESOCOSM 10,431946118493610,43.32930556,-118.8265833,2023-08-20 19:24:11 UTC,1228.8112088,1.0,0.0,0.0
MALHEUR LAKE - MESOCOSM 10,431946118493610,43.32930556,-118.8265833,2023-08-24 17:49:02 UTC,1228.810846,0.0,0.0,1.0
MALHEUR LAKE - MESOCOSM 10,431946118493610,43.32930556,-118.8265833,2024-02-02 20:01:51 UTC,1228.8107973,0.0,0.0,1.0
MALHEUR LAKE - MESOCOSM 10,431946118493610,43.32930556,-118.8265833,2024-03-31 20:59:43 UTC,1228.8111592,0.0,0.0,1.0
MALHEUR LAKE - MESOCOSM 10,431946118493610,43.32930556,-118.8265833,2024-07-29 21:30:01 UTC,1228.8110209,0.0,0.0,1.0
MALHEUR LAKE - MESOCOSM 10,431946118493610,43.32930556,-118.8265833,2024-08-02 19:53:36 UTC,1228.8110415,0.0,0.0,0.0
MALHEUR LAKE - MESOCOSM 10,431946118493610,43.32930556,-118.8265833,2024-08-12 21:34:18 UTC,1228.8110723,0.0,0.0,0.0
MALHEUR LAKE - MESOCOSM 10,431946118493610,43.32930556,-118.8265833,2024-08-16 19:57:12 UTC,1228.8110913,0.0,0.0,1.0
MALHEUR LAKE - MESOCOSM 2,431946118493602,43.32930556,-118.8265833,2023-06-20 19:32:09 UTC,1228.8107487,0.0,0.0,0.0
MALHEUR LAKE - MESOCOSM 2,431946118493602,43.32930556,-118.8265833,2023-08-20 19:24:11 UTC,1228.8112088,1.0,0.0,0.0
MALHEUR LAKE - MESOCOSM 2,431946118493602,43.32930556,-118.8265833,2023-08-24 17:49:02 UTC,1228.810846,0.0,0.0,1.0
MALHEUR LAKE - MESOCOSM 2,431946118493602,43.32930556,-118.8265833,2024-02-02 20:01:51 UTC,1228.8107973,0.0,0.0,1.0
MALHEUR LAKE - MESOCOSM 2,431946118493602,43.32930556,-118.8265833,2024-03-31 20:59:43 UTC,1228.8111592,0.0,0.0,1.0
MALHEUR LAKE - MESOCOSM 2,431946118493602,43.32930556,-118.8265833,2024-07-29 21:30:01 UTC,1228.8110209,0.0,0.0,1.0
MALHEUR LAKE - MESOCOSM 2,431946118493602,43.32930556,-118.8265833,2024-08-02 19:53:36 UTC,1228.8110415,0.0,0.0,0.0
MALHEUR LAKE - MESOCOSM 2,431946118493602,43.32930556,-118.8265833,2024-08-12 21:34:18 UTC,1228.8110723,0.0,0.0,0.0
MALHEUR LAKE - MESOCOSM 2,431946118493602,43.32930556,-118.8265833,2024-08-16 19:57:12 UTC,1228.8110913,0.0,0.0,1.0
MALHEUR LAKE - MESOCOSM 3,431946118493603,43.32930556,-118.8265833,2023-06-20 19:32:09 UTC,1228.8107487,0.0,0.0,0.0
MALHEUR LAKE - MESOCOSM 3,431946118493603,43.32930556,-118.8265833,2023-08-20 19:24:11 UTC,1228.8112088,1.0,0.0,0.0
MALHEUR LAKE - MESOCOSM 3,431946118493603,43.32930556,-118.8265833,2023-08-24 17:49:02 UTC,1228.810846,0.0,0.0,1.0
MALHEUR LAKE - MESOCOSM 3,431946118493603,43.32930556,-118.8265833,2024-02-02 20:01:51 UTC,1228.8107973,0.0,0.0,1.0
MALHEUR LAKE - MESOCOSM 3,431946118493603,43.32930556,-118.8265833,2024-03-31 20:59:43 UTC,1228.8111592,0.0,0.0,1.0
MALHEUR LAKE - MESOCOSM 3,431946118493603,43.32930556,-118.8265833,2024-07-29 21:30:01 UTC,1228.8110209,0.0,0.0,1.0
MALHEUR LAKE - MESOCOSM 3,431946118493603,43.32930556,-118.8265833,2024-08-02 19:53:36 UTC,1228.8110415,0.0,0.0,0.0
MALHEUR LAKE - MESOCOSM 3,431946118493603,43.32930556,-118.8265833,2024-08-12 21:34:18 UTC,1228.8110723,0.0,0.0,0.0
MALHEUR LAKE - MESOCOSM 3,431946118493603,43.32930556,-118.8265833,2024-08-16 19:57:12 UTC,1228.8110913,0.0,0.0,1.0
MALHEUR LAKE - MESOCOSM 4,431946118493604,43.32930556,-118.8265833,2023-06-20 19:32:09 UTC,1228.8107487,0.0,0.0,0.0
MALHEUR LAKE - MESOCOSM 4,431946118493604,43.32930556,-118.8265833,2023-08-20 19:24:11 UTC,1228.8112088,1.0,0.0,0.0
MALHEUR LAKE - MESOCOSM 4,431946118493604,43.32930556,-118.8265833,2023-08-24 17:49:02 UTC,1228.810846,0.0,0.0,1.0
MALHEUR LAKE - MESOCOSM 4,431946118493604,43.32930556,-118.8265833,2024-02-02 20:01:51 UTC,1228.8107973,0.0,0.0,1.0
MALHEUR LAKE - MESOCOSM 4,431946118493604,43.32930556,-118.8265833,2024-03-31 20:59:43 UTC,1228.8111592,0.0,0.0,1.0
MALHEUR LAKE - MESOCOSM 4,431946118493604,43.32930556,-118.8265833,2024-07-29 21:30:01 UTC,1228.8110209,0.0,0.0,1.0
MALHEUR LAKE - MESOCOSM 4,431946118493604,43.32930556,-118.8265833,2024-08-02 19:53:36 UTC,1228.8110415,0.0,0.0,0.0
MALHEUR LAKE - MESOCOSM 4,431946118493604,43.32930556,-118.8265833,2024-08-12 21:34:18 UTC,1228.8110723,0.0,0.0,0.0
MALHEUR LAKE - MESOCOSM 4,431946118493604,43.32930556,-118.8265833,2024-08-16 19:57:12 UTC,1228.8110913,0.0,0.0,1.0
MALHEUR LAKE - MESOCOSM 5,431946118493605,43.32930556,-118.8265833,2023-06-20 19:32:09 UTC,1228.8107487,0.0,0.0,0.0
MALHEUR LAKE - MESOCOSM 5,431946118493605,43.32930556,-118.8265833,2023-08-20 19:24:11 UTC,1228.8112088,1.0,0.0,0.0
MALHEUR LAKE - MESOCOSM 5,431946118493605,43.32930556,-118.8265833,2023-08-24 17:49:02 UTC,1228.810846,0.0,0.0,1.0
MALHEUR LAKE - MESOCOSM 5,431946118493605,43.32930556,-118.8265833,2024-02-02 20:01:51 UTC,1228.8107973,0.0,0.0,1.0
MALHEUR LAKE - MESOCOSM 5,431946118493605,43.32930556,-118.8265833,2024-03-31 20:59:43 UTC,1228.8111592,0.0,0.0,1.0
MALHEUR LAKE - MESOCOSM 5,431946118493605,43.32930556,-118.8265833,2024-07-29 21:30:01 UTC,1228.8110209,0.0,0.0,1.0
MALHEUR LAKE - MESOCOSM 5,431946118493605,43.32930556,-118.8265833,2024-08-02 19:53:36 UTC,1228.8110415,0.0,0.0,0.0
MALHEUR LAKE - MESOCOSM 5,431946118493605,43.32930556,-118.8265833,2024-08-12 21:34:18 UTC,1228.8110723,0.0,0.0,0.0
MALHEUR LAKE - MESOCOSM 5,431946118493605,43.32930556,-118.8265833,2024-08-16 19:57:12 UTC,1228.8110913,0.0,0.0,1.0
MALHEUR LAKE - MESOCOSM 6,431946118493606,43.32930556,-118.8265833,2023-06-20 19:32:09 UTC,1228.8107487,0.0,0.0,0.0
MALHEUR LAKE - MESOCOSM 6,431946118493606,43.32930556,-118.8265833,2023-08-20 19:24:11 UTC,1228.8112088,1.0,0.0,0.0
MALHEUR LAKE - MESOCOSM 6,431946118493606,43.32930556,-118.8265833,2023-08-24 17:49:02 UTC,1228.810846,0.0,0.0,1.0
MALHEUR LAKE - MESOCOSM 6,431946118493606,43.32930556,-118.8265833,2024-02-02 20:01:51 UTC,1228.8107973,0.0,0.0,1.0
MALHEUR LAKE - MESOCOSM 6,431946118493606,43.32930556,-118.8265833,2024-03-31 20:59:43 UTC,1228.8111592,0.0,0.0,1.0
MALHEUR LAKE - MESOCOSM 6,431946118493606,43.32930556,-118.8265833,2024-07-29 21:30:01 UTC,1228.8110209,0.0,0.0,1.0
MALHEUR LAKE - MESOCOSM 6,431946118493606,43.32930556,-118.8265833,2024-08-02 19:53:36 UTC,1228.8110415,0.0,0.0,0.0
MALHEUR LAKE - MESOCOSM 6,431946118493606,43.32930556,-118.8265833,2024-08-12 21:34:18 UTC,1228.8110723,0.0,0.0,0.0
MALHEUR LAKE - MESOCOSM 6,431946118493606,43.32930556,-118.8265833,2024-08-16 19:57:12 UTC,1228.8110913,0.0,0.0,1.0
MALHEUR LAKE - MESOCOSM 7,431946118493607,43.32930556,-118.8265833,2023-06-20 19:32:09 UTC,1228.8107487,0.0,0.0,0.0
MALHEUR LAKE - MESOCOSM 7,431946118493607,43.32930556,-118.8265833,2023-08-20 19:24:11 UTC,1228.8112088,1.0,0.0,0.0
MALHEUR LAKE - MESOCOSM 7,431946118493607,43.32930556,-118.8265833,2023-08-24 17:49:02 UTC,1228.810846,0.0,0.0,1.0
MALHEUR LAKE - MESOCOSM 7,431946118493607,43.32930556,-118.8265833,2024-02-02 20:01:51 UTC,1228.8107973,0.0,0.0,1.0
MALHEUR LAKE - MESOCOSM 7,431946118493607,43.32930556,-118.8265833,2024-03-31 20:59:43 UTC,1228.8111592,0.0,0.0,1.0
MALHEUR LAKE - MESOCOSM 7,431946118493607,43.32930556,-118.8265833,2024-07-29 21:30:01 UTC,1228.8110209,0.0,0.0,1.0
MALHEUR LAKE - MESOCOSM 7,431946118493607,43.32930556,-118.8265833,2024-08-02 19:53:36 UTC,1228.8110415,0.0,0.0,0.0
MALHEUR LAKE - MESOCOSM 7,431946118493607,43.32930556,-118.8265833,2024-08-12 21:34:18 UTC,1228.8110723,0.0,0.0,0.0
MALHEUR LAKE - MESOCOSM 7,431946118493607,43.32930556,-118.8265833,2024-08-16 19:57:12 UTC,1228.8110913,0.0,0.0,1.0
MALHEUR LAKE - MESOCOSM 8,431946118493608,43.32930556,-118.8265833,2023-06-20 19:32:09 UTC,1228.8107487,0.0,0.0,0.0
MALHEUR LAKE - MESOCOSM 8,431946118493608,43.32930556,-118.8265833,2023-08-20 19:24:11 UTC,1228.8112088,1.0,0.0,0.0
MALHEUR LAKE - MESOCOSM 8,431946118493608,43.32930556,-118.8265833,2023-08-24 17:49:02 UTC,1228.810846,0.0,0.0,1.0
MALHEUR LAKE - MESOCOSM 8,431946118493608,43.32930556,-118.8265833,2024-02-02 20:01:51 UTC,1228.8107973,0.0,0.0,1.0
MALHEUR LAKE - MESOCOSM 8,431946118493608,43.32930556,-118.8265833,2024-03-31 20:59:43 UTC,1228.8111592,0.0,0.0,1.0
MALHEUR LAKE - MESOCOSM 8,431946118493608,43.32930556,-118.8265833,2024-07-29 21:30:01 UTC,1228.8110209,0.0,0.0,1.0
MALHEUR LAKE - MESOCOSM 8,431946118493608,43.32930556,-118.8265833,2024-08-02 19:53:36 UTC,1228.8110415,0.0,0.0,0.0
MALHEUR LAKE - MESOCOSM 8,431946118493608,43.32930556,-118.8265833,2024-08-12 21:34:18 UTC,1228.8110723,0.0,0.0,0.0
MALHEUR LAKE - MESOCOSM 8,431946118493608,43.32930556,-118.8265833,2024-08-16 19:57:12 UTC,1228.8110913,0.0,0.0,1.0
MALHEUR LAKE - MESOCOSM 9,431946118493609,43.32930556,-118.8265833,2023-06-20 19:32:09 UTC,1228.8107487,0.0,0.0,0.0
MALHEUR LAKE - MESOCOSM 9,431946118493609,43.32930556,-118.8265833,2023-08-20 19:24:11 UTC,1228.8112088,1.0,0.0,0.0
MALHEUR LAKE - MESOCOSM 9,431946118493609,43.32930556,-118.8265833,2023-08-24 17:49:02 UTC,1228.810846,0.0,0.0,1.0
MALHEUR LAKE - MESOCOSM 9,431946118493609,43.32930556,-118.8265833,2024-02-02 20:01:51 UTC,1228.8107973,0.0,0.0,1.0
MALHEUR LAKE - MESOCOSM 9,431946118493609,43.32930556,-118.8265833,2024-03-31 20:59:43 UTC,1228.8111592,0.0,0.0,1.0
MALHEUR LAKE - MESOCOSM 9,431946118493609,43.32930556,-118.8265833,2024-07-29 21:30:01 UTC,1228.8110209,0.0,0.0,1.0
MALHEUR LAKE - MESOCOSM 9,431946118493609,43.32930556,-118.8265833,2024-08-02 19:53:36 UTC,1228.8110415,0.0,0.0,0.0
MALHEUR LAKE - MESOCOSM 9,431946118493609,43.32930556,-118.8265833,2024-08-12 21:34:18 UTC,1228.8110723,0.0,0.0,0.0
MALHEUR LAKE - MESOCOSM 9,431946118493609,43.32930556,-118.8265833,2024-08-16 19:57:12 UTC,1228.8110913,0.0,0.0,1.0
MERRIMACK R ESTUARY US OF SHAD CRK,011008745,42.8193,-70.839,2023-02-04 16:31:21 UTC,-27.4089356,0.0,0.0,0.0
MERRIMACK R ESTUARY US OF SHAD CRK,011008745,42.8193,-70.839,2023-03-30 19:09:11 UTC,-27.4096675,0.0,0.0,1.0
MERRIMACK R ESTUARY US OF SHAD CRK,011008745,42.8193,-70.839,2023-04-03 17:34:58 UTC,-27.4092952,0.0,0.0,1.0
MERRIMACK R ESTUARY US OF SHAD CRK,011008745,42.8193,-70.839,2023-04-07 15:59:59 UTC,-27.4090672,0.0,0.0,1.0
MERRIMACK R ESTUARY US OF SHAD CRK,011008745,42.8193,-70.839,2023-08-12 19:27:43 UTC,-27.4090841,0.0,0.0,1.0
MERRIMACK R ESTUARY US OF SHAD CRK,011008745,42.8193,-70.839,2023-08-20 16:18:39 UTC,-27.4091723,0.0,0.0,1.0
MERRIMACK R ESTUARY US OF SHAD CRK,011008745,42.8193,-70.839,2023-08-24 14:43:22 UTC,-27.4091713,0.0,0.0,1.0
MERRIMACK R ESTUARY US OF SHAD CRK,011008745,42.8193,-70.839,2023-10-07 15:30:13 UTC,-27.4094182,0.0,0.0,1.0
MERRIMACK R ESTUARY US OF SHAD CRK,011008745,42.8193,-70.839,2024-04-08 14:41:05 UTC,-27.4093703,0.0,0.0,1.0
MERRIMACK R ESTUARY US OF SHAD CRK,011008745,42.8193,-70.839,2024-05-22 21:09:45 UTC,-27.4092283,0.0,0.0,1.0
MERRIMACK R ESTUARY US OF SHAD CRK,011008745,42.8193,-70.839,2024-06-08 20:09:06 UTC,-27.409079,0.0,0.0,0.0
MERRIMACK R ESTUARY US OF SHAD CRK,011008745,42.8193,-70.839,2024-08-12 18:28:53 UTC,-27.4093938,0.0,0.0,1.0
New Canal Lighthouse at New Orleans,300138090064700,30.02716667,-90.1131667,2023-12-22 17:48:00 UTC,-24.7587506,0.0,0.0,0.0
New Canal Lighthouse at New Orleans,300138090064700,30.02716667,-90.1131667,2023-12-26 16:12:03 UTC,-24.5053202,0.0,0.0,0.0
New Canal Lighthouse at New Orleans,300138090064700,30.02716667,-90.1131667,2024-03-31 17:48:49 UTC,-24.7979549,0.0,1.0,0.0
New Canal Lighthouse at New Orleans,300138090064700,30.02716667,-90.1131667,2024-04-04 16:12:30 UTC,-26.7664777,0.0,0.0,0.0
New Canal Lighthouse at New Orleans,300138090064700,30.02716667,-90.1131667,2024-06-21 17:43:25 UTC,-27.3755069,0.0,0.0,1.0
New Canal Lighthouse at New Orleans,300138090064700,30.02716667,-90.1131667,2024-06-25 16:07:44 UTC,-24.6024622,0.0,0.0,0.0
New Canal Lighthouse at New Orleans,300138090064700,30.02716667,-90.1131667,2024-08-02 16:42:30 UTC,-24.1049831,0.0,0.0,0.0
New Canal Lighthouse at New Orleans,300138090064700,30.02716667,-90.1131667,2024-08-06 15:07:10 UTC,-23.6627613,0.0,0.0,0.0
New Canal Lighthouse at New Orleans,300138090064700,30.02716667,-90.1131667,2024-08-25 15:59:55 UTC,-27.2897061,0.0,0.0,0.0
New Canal Lighthouse at New Orleans,300138090064700,30.02716667,-90.1131667,2024-09-29 17:42:36 UTC,-23.7506633,0.0,0.0,0.0
PECONIC RIVER AT COUNTY HWY 105 AT RIVERHEAD NY,01304562,40.91777778,-72.6386667,2023-04-16 18:29:31 UTC,-32.066298,0.0,0.0,1.0
PECONIC RIVER AT COUNTY HWY 105 AT RIVERHEAD NY,01304562,40.91777778,-72.6386667,2023-06-07 15:42:14 UTC,-32.0672061,0.0,0.0,0.0
PECONIC RIVER AT COUNTY HWY 105 AT RIVERHEAD NY,01304562,40.91777778,-72.6386667,2023-06-23 15:37:29 UTC,-31.2855359,0.0,0.0,1.0
PECONIC RIVER AT COUNTY HWY 105 AT RIVERHEAD NY,01304562,40.91777778,-72.6386667,2023-08-23 15:31:36 UTC,-31.2893356,0.0,0.0,0.0
PECONIC RIVER AT COUNTY HWY 105 AT RIVERHEAD NY,01304562,40.91777778,-72.6386667,2024-04-13 18:44:37 UTC,-32.0658208,0.0,0.0,1.0
PECONIC RIVER AT COUNTY HWY 105 AT RIVERHEAD NY,01304562,40.91777778,-72.6386667,2024-06-07 20:58:38 UTC,-30.7051386,0.0,0.0,1.0
PECONIC RIVER AT COUNTY HWY 105 AT RIVERHEAD NY,01304562,40.91777778,-72.6386667,2024-08-11 19:17:15 UTC,-30.4127483,0.0,0.0,0.0
PECONIC RIVER AT COUNTY HWY 105 AT RIVERHEAD NY,01304562,40.91777778,-72.6386667,2024-08-15 17:40:15 UTC,-32.0670775,0.0,0.0,0.0
PECONIC RIVER AT COUNTY HWY 105 AT RIVERHEAD NY,01304562,40.91777778,-72.6386667,2024-10-12 18:42:15 UTC,-30.8962633,0.0,0.0,0.0
REYNOLDS CHANNEL AT POINT LOOKOUT NY,01310740,40.5934366,-73.5837396,2023-06-19 17:15:13 UTC,-30.3536851,0.0,0.0,0.0
REYNOLDS CHANNEL AT POINT LOOKOUT NY,01310740,40.5934366,-73.5837396,2023-08-15 18:40:58 UTC,-29.6543441,0.0,0.0,0.0
REYNOLDS CHANNEL AT POINT LOOKOUT NY,01310740,40.5934366,-73.5837396,2023-08-19 17:06:24 UTC,-32.1122304,0.0,0.0,0.0
REYNOLDS CHANNEL AT POINT LOOKOUT NY,01310740,40.5934366,-73.5837396,2024-04-24 14:37:48 UTC,-31.2166959,0.0,0.0,1.0
SAN FRANCISCO BAY A NE SHORE ALCATRAZ ISLAND CA,374938122251801,37.8272222,-122.4216667,2023-03-27 23:01:16 UTC,-21.67479,0.0,0.0,0.0
SAN FRANCISCO BAY A NE SHORE ALCATRAZ ISLAND CA,374938122251801,37.8272222,-122.4216667,2023-05-27 22:53:03 UTC,-32.2343194,0.0,0.0,0.0
SAN FRANCISCO BAY A NE SHORE ALCATRAZ ISLAND CA,374938122251801,37.8272222,-122.4216667,2023-06-14 22:47:39 UTC,-32.2343527,0.0,0.0,1.0
SAN FRANCISCO BAY A NE SHORE ALCATRAZ ISLAND CA,374938122251801,37.8272222,-122.4216667,2023-08-07 18:27:32 UTC,-32.2342195,0.0,0.0,0.0
SAN FRANCISCO BAY A NE SHORE ALCATRAZ ISLAND CA,374938122251801,37.8272222,-122.4216667,2023-08-14 22:34:41 UTC,-32.2337967,0.0,0.0,0.0
SAN FRANCISCO BAY A NE SHORE ALCATRAZ ISLAND CA,374938122251801,37.8272222,-122.4216667,2023-08-18 21:00:08 UTC,-32.2342562,0.0,0.0,1.0
SAN FRANCISCO BAY A NE SHORE ALCATRAZ ISLAND CA,374938122251801,37.8272222,-122.4216667,2023-09-26 22:33:56 UTC,-32.2342647,0.0,0.0,0.0
SAN FRANCISCO BAY A NE SHORE ALCATRAZ ISLAND CA,374938122251801,37.8272222,-122.4216667,2024-01-30 20:47:07 UTC,-31.3278992,0.0,0.0,0.0
SAN FRANCISCO BAY A NE SHORE ALCATRAZ ISLAND CA,374938122251801,37.8272222,-122.4216667,2024-03-24 23:21:06 UTC,-20.8808229,0.0,0.0,0.0
SAN FRANCISCO BAY A NE SHORE ALCATRAZ ISLAND CA,374938122251801,37.8272222,-122.4216667,2024-03-28 21:46:00 UTC,-28.5312952,0.0,0.0,0.0
SAN FRANCISCO BAY A NE SHORE ALCATRAZ ISLAND CA,374938122251801,37.8272222,-122.4216667,2024-04-01 20:10:09 UTC,-31.8743087,0.0,0.0,0.0
SAN FRANCISCO BAY A NE SHORE ALCATRAZ ISLAND CA,374938122251801,37.8272222,-122.4216667,2024-07-30 20:39:38 UTC,-25.7987337,0.0,0.0,0.0
SAN FRANCISCO BAY A NE SHORE ALCATRAZ ISLAND CA,374938122251801,37.8272222,-122.4216667,2024-08-03 19:04:15 UTC,-32.0139635,0.0,0.0,0.0
SAN FRANCISCO BAY A NE SHORE ALCATRAZ ISLAND CA,374938122251801,37.8272222,-122.4216667,2024-09-26 21:39:56 UTC,-32.2338455,0.0,0.0,0.0
SHADOW MOUNTAIN LAKE NEAR GRAND LAKE,09014500,40.2100833,-105.8420833,2022-08-20 19:22:56 UTC,2542.8818492,0.0,0.0,1.0
SHADOW MOUNTAIN LAKE NEAR GRAND LAKE,09014500,40.2100833,-105.8420833,2023-01-30 20:27:47 UTC,2542.8818428,0.0,0.0,1.0
SHADOW MOUNTAIN LAKE NEAR GRAND LAKE,09014500,40.2100833,-105.8420833,2023-02-03 18:50:01 UTC,2542.8818331,0.0,0.0,0.0
SHADOW MOUNTAIN LAKE NEAR GRAND LAKE,09014500,40.2100833,-105.8420833,2023-03-29 21:27:54 UTC,2542.8817211,1.0,0.0,0.0
SHADOW MOUNTAIN LAKE NEAR GRAND LAKE,09014500,40.2100833,-105.8420833,2023-04-02 19:53:26 UTC,2542.8821521,0.0,0.0,1.0
SHADOW MOUNTAIN LAKE NEAR GRAND LAKE,09014500,40.2100833,-105.8420833,2023-04-06 18:18:42 UTC,2542.882079,0.0,0.0,0.0
SHADOW MOUNTAIN LAKE NEAR GRAND LAKE,09014500,40.2100833,-105.8420833,2023-04-18 20:01:06 UTC,2542.8822189,0.0,0.0,1.0
SHADOW MOUNTAIN LAKE NEAR GRAND LAKE,09014500,40.2100833,-105.8420833,2023-05-29 21:18:59 UTC,2542.8817652,0.0,0.0,1.0
SHADOW MOUNTAIN LAKE NEAR GRAND LAKE,09014500,40.2100833,-105.8420833,2023-06-25 17:08:14 UTC,2542.8822557,0.0,0.0,1.0
SHADOW MOUNTAIN LAKE NEAR GRAND LAKE,09014500,40.2100833,-105.8420833,2023-08-09 16:53:50 UTC,2542.8821852,0.0,0.0,1.0
SHADOW MOUNTAIN LAKE NEAR GRAND LAKE,09014500,40.2100833,-105.8420833,2023-10-02 19:25:02 UTC,2542.881902,0.0,0.0,1.0
SHADOW MOUNTAIN LAKE NEAR GRAND LAKE,09014500,40.2100833,-105.8420833,2023-10-14 21:04:51 UTC,2542.8819487,0.0,0.0,0.0
SHADOW MOUNTAIN LAKE NEAR GRAND LAKE,09014500,40.2100833,-105.8420833,2024-04-15 20:15:36 UTC,2542.8821168,0.0,0.0,1.0
SHADOW MOUNTAIN LAKE NEAR GRAND LAKE,09014500,40.2100833,-105.8420833,2024-05-21 23:30:14 UTC,2542.8816101,0.0,0.0,1.0
SHADOW MOUNTAIN LAKE NEAR GRAND LAKE,09014500,40.2100833,-105.8420833,2024-06-09 22:28:34 UTC,2542.8820139,0.0,0.0,1.0
SHADOW MOUNTAIN LAKE NEAR GRAND LAKE,09014500,40.2100833,-105.8420833,2024-08-01 19:06:27 UTC,2542.8822211,0.0,0.0,1.0
SHADOW MOUNTAIN LAKE NEAR GRAND LAKE,09014500,40.2100833,-105.8420833,2024-08-05 17:31:12 UTC,2542.8820363,0.0,0.0,1.0
SHADOW MOUNTAIN LAKE NEAR GRAND LAKE,09014500,40.2100833,-105.8420833,2024-08-17 19:11:09 UTC,2542.8818338,0.0,0.0,1.0
SHADOW MOUNTAIN LAKE NEAR GRAND LAKE,09014500,40.2100833,-105.8420833,2024-10-02 18:30:10 UTC,2542.8818243,0.0,0.0,1.0
SHADOW MOUNTAIN LAKE NEAR GRAND LAKE,09014500,40.2100833,-105.8420833,2024-10-14 20:14:00 UTC,2542.8823676,0.0,0.0,1.0
SHADOW MOUNTAIN LAKE NEAR MIDLAKE NEAR GRAND LK,401331105501401,40.22527778,-105.8372222,2022-08-20 19:22:56 UTC,2542.8906762,0.0,0.0,1.0
SHADOW MOUNTAIN LAKE NEAR MIDLAKE NEAR GRAND LK,401331105501401,40.22527778,-105.8372222,2023-01-30 20:27:47 UTC,2542.8903362,0.0,0.0,1.0
SHADOW MOUNTAIN LAKE NEAR MIDLAKE NEAR GRAND LK,401331105501401,40.22527778,-105.8372222,2023-02-03 18:50:01 UTC,2542.8899106,0.0,0.0,0.0
SHADOW MOUNTAIN LAKE NEAR MIDLAKE NEAR GRAND LK,401331105501401,40.22527778,-105.8372222,2023-03-29 21:27:54 UTC,2542.8903274,1.0,0.0,0.0
SHADOW MOUNTAIN LAKE NEAR MIDLAKE NEAR GRAND LK,401331105501401,40.22527778,-105.8372222,2023-04-02 19:53:26 UTC,2542.8900727,0.0,0.0,0.0
SHADOW MOUNTAIN LAKE NEAR MIDLAKE NEAR GRAND LK,401331105501401,40.22527778,-105.8372222,2023-04-06 18:18:42 UTC,2542.8902625,0.0,0.0,0.0
SHADOW MOUNTAIN LAKE NEAR MIDLAKE NEAR GRAND LK,401331105501401,40.22527778,-105.8372222,2023-04-18 20:01:06 UTC,2542.8907722,0.0,0.0,1.0
SHADOW MOUNTAIN LAKE NEAR MIDLAKE NEAR GRAND LK,401331105501401,40.22527778,-105.8372222,2023-05-29 21:18:59 UTC,2542.8903064,0.0,0.0,1.0
SHADOW MOUNTAIN LAKE NEAR MIDLAKE NEAR GRAND LK,401331105501401,40.22527778,-105.8372222,2023-06-25 17:08:14 UTC,2542.890685,0.0,0.0,1.0
SHADOW MOUNTAIN LAKE NEAR MIDLAKE NEAR GRAND LK,401331105501401,40.22527778,-105.8372222,2023-08-09 16:53:50 UTC,2542.8900063,0.0,0.0,0.0
SHADOW MOUNTAIN LAKE NEAR MIDLAKE NEAR GRAND LK,401331105501401,40.22527778,-105.8372222,2023-10-02 19:25:02 UTC,2542.8899327,0.0,0.0,0.0
SHADOW MOUNTAIN LAKE NEAR MIDLAKE NEAR GRAND LK,401331105501401,40.22527778,-105.8372222,2023-10-14 21:04:51 UTC,2542.8904145,0.0,0.0,0.0
SHADOW MOUNTAIN LAKE NEAR MIDLAKE NEAR GRAND LK,401331105501401,40.22527778,-105.8372222,2024-05-21 23:30:14 UTC,2542.8902326,0.0,0.0,1.0
SHADOW MOUNTAIN LAKE NEAR MIDLAKE NEAR GRAND LK,401331105501401,40.22527778,-105.8372222,2024-06-09 22:28:34 UTC,2542.8908155,0.0,0.0,1.0
SHADOW MOUNTAIN LAKE NEAR MIDLAKE NEAR GRAND LK,401331105501401,40.22527778,-105.8372222,2024-08-01 19:06:27 UTC,2542.8973927,0.0,0.0,1.0
SHADOW MOUNTAIN LAKE NEAR MIDLAKE NEAR GRAND LK,401331105501401,40.22527778,-105.8372222,2024-08-05 17:31:12 UTC,2542.889947,0.0,0.0,1.0
SHADOW MOUNTAIN LAKE NEAR MIDLAKE NEAR GRAND LK,401331105501401,40.22527778,-105.8372222,2024-08-17 19:11:09 UTC,2542.8903698,0.0,0.0,1.0
SHADOW MOUNTAIN LAKE NEAR MIDLAKE NEAR GRAND LK,401331105501401,40.22527778,-105.8372222,2024-10-02 18:30:10 UTC,2542.890602,0.0,0.0,1.0
SHADOW MOUNTAIN LAKE NEAR MIDLAKE NEAR GRAND LK,401331105501401,40.22527778,-105.8372222,2024-10-14 20:14:00 UTC,2542.890456,0.0,0.0,1.0
SHELTER ISLAND SOUND AT SHELTER ISLAND NY,01304650,41.04430556,-72.3169722,2023-04-16 18:29:31 UTC,-31.9527461,0.0,0.0,1.0
SHELTER ISLAND SOUND AT SHELTER ISLAND NY,01304650,41.04430556,-72.3169722,2023-06-07 15:42:26 UTC,-31.954023,0.0,0.0,0.0
SHELTER ISLAND SOUND AT SHELTER ISLAND NY,01304650,41.04430556,-72.3169722,2023-06-23 15:37:41 UTC,-31.9518187,0.0,0.0,1.0
SHELTER ISLAND SOUND AT SHELTER ISLAND NY,01304650,41.04430556,-72.3169722,2024-04-13 18:44:37 UTC,-31.9520612,0.0,0.0,1.0
SHELTER ISLAND SOUND AT SHELTER ISLAND NY,01304650,41.04430556,-72.3169722,2024-06-07 20:58:38 UTC,-30.4678783,0.0,0.0,0.0
SHELTER ISLAND SOUND AT SHELTER ISLAND NY,01304650,41.04430556,-72.3169722,2024-08-15 17:40:15 UTC,-28.5895599,0.0,0.0,0.0
SHELTER ISLAND SOUND AT SHELTER ISLAND NY,01304650,41.04430556,-72.3169722,2024-10-12 18:42:15 UTC,-29.6009884,0.0,0.0,0.0
SKANEATELES LAKE AT SKANEATELES NY,04236000,42.94476667,-76.4291917,2024-04-07 15:28:43 UTC,227.5870348,0.0,0.0,1.0
SKANEATELES LAKE AT SKANEATELES NY,04236000,42.94476667,-76.4291917,2024-08-09 14:23:58 UTC,227.5884426,0.0,0.0,1.0
SKANEATELES LAKE AT SKANEATELES NY,04236000,42.94476667,-76.4291917,2024-08-11 19:16:16 UTC,228.9289261,0.0,0.0,1.0
SKANEATELES LAKE AT SKANEATELES NY,04236000,42.94476667,-76.4291917,2024-08-15 17:39:16 UTC,229.5583502,0.0,0.0,0.0
SKANEATELES LAKE AT SKANEATELES NY,04236000,42.94476667,-76.4291917,2024-10-06 15:23:15 UTC,227.7631274,0.0,0.0,1.0
SKANEATELES LAKE AT SKANEATELES NY,04236000,42.94476667,-76.4291917,2024-10-12 18:41:16 UTC,229.9196942,0.0,0.0,0.0
SODUS BAY AT SAND POINT NY,431533076582101,43.2593,-76.9724806,2023-08-09 15:22:19 UTC,37.1540183,0.0,0.0,1.0
SODUS BAY AT SAND POINT NY,431533076582101,43.2593,-76.9724806,2024-03-30 18:41:26 UTC,37.1547729,0.0,0.0,1.0
SODUS BAY AT SAND POINT NY,431533076582101,43.2593,-76.9724806,2024-04-13 18:43:26 UTC,37.1538469,0.0,1.0,0.0
SODUS BAY AT SAND POINT NY,431533076582101,43.2593,-76.9724806,2024-08-01 17:34:59 UTC,37.154738,0.0,0.0,0.0
SODUS BAY AT SAND POINT NY,431533076582101,43.2593,-76.9724806,2024-08-05 15:59:44 UTC,37.1539517,0.0,0.0,0.0
SODUS BAY AT SAND POINT NY,431533076582101,43.2593,-76.9724806,2024-08-09 14:23:58 UTC,37.1543829,1.0,0.0,0.0
SODUS BAY AT SAND POINT NY,431533076582101,43.2593,-76.9724806,2024-08-11 19:16:16 UTC,37.1543067,0.0,0.0,1.0
SODUS BAY AT SAND POINT NY,431533076582101,43.2593,-76.9724806,2024-08-15 17:39:16 UTC,37.1538215,0.0,0.0,1.0
SODUS BAY AT SAND POINT NY,431533076582101,43.2593,-76.9724806,2024-10-12 18:41:16 UTC,37.1540362,0.0,0.0,1.0
STATEN ISLAND NR TERMINOUS CA,380924121301901,38.15665,-121.5051889,2022-08-13 23:23:55 UTC,-30.6231263,0.0,0.0,0.0
STATEN ISLAND NR TERMINOUS CA,380924121301901,38.15665,-121.5051889,2023-03-27 23:01:28 UTC,-30.6236762,0.0,0.0,0.0
STATEN ISLAND NR TERMINOUS CA,380924121301901,38.15665,-121.5051889,2023-03-31 21:26:03 UTC,-30.6241307,0.0,0.0,0.0
STATEN ISLAND NR TERMINOUS CA,380924121301901,38.15665,-121.5051889,2023-04-15 22:23:45 UTC,-30.6237887,0.0,0.0,0.0
STATEN ISLAND NR TERMINOUS CA,380924121301901,38.15665,-121.5051889,2023-05-27 22:53:15 UTC,-30.6236781,0.0,0.0,0.0
STATEN ISLAND NR TERMINOUS CA,380924121301901,38.15665,-121.5051889,2023-06-22 19:32:01 UTC,-30.6230844,0.0,0.0,0.0
STATEN ISLAND NR TERMINOUS CA,380924121301901,38.15665,-121.5051889,2023-08-07 18:27:44 UTC,-30.6236918,0.0,0.0,0.0
STATEN ISLAND NR TERMINOUS CA,380924121301901,38.15665,-121.5051889,2023-08-18 21:00:19 UTC,-30.6233958,0.0,0.0,0.0
STATEN ISLAND NR TERMINOUS CA,380924121301901,38.15665,-121.5051889,2023-08-22 19:25:19 UTC,-30.6239942,0.0,0.0,0.0
STATEN ISLAND NR TERMINOUS CA,380924121301901,38.15665,-121.5051889,2023-08-26 17:49:37 UTC,-30.6236941,0.0,0.0,0.0
STATEN ISLAND NR TERMINOUS CA,380924121301901,38.15665,-121.5051889,2023-09-26 22:34:08 UTC,-30.6238288,0.0,0.0,0.0
STATEN ISLAND NR TERMINOUS CA,380924121301901,38.15665,-121.5051889,2023-09-30 20:58:08 UTC,-30.6242559,0.0,0.0,0.0
STATEN ISLAND NR TERMINOUS CA,380924121301901,38.15665,-121.5051889,2024-02-18 20:07:48 UTC,-30.6239812,0.0,0.0,0.0
STATEN ISLAND NR TERMINOUS CA,380924121301901,38.15665,-121.5051889,2024-03-24 23:21:18 UTC,-30.6243463,0.0,0.0,0.0
STATEN ISLAND NR TERMINOUS CA,380924121301901,38.15665,-121.5051889,2024-03-28 21:46:12 UTC,-30.6235201,0.0,0.0,1.0
STATEN ISLAND NR TERMINOUS CA,380924121301901,38.15665,-121.5051889,2024-04-01 20:10:20 UTC,-30.6234996,0.0,0.0,0.0
STATEN ISLAND NR TERMINOUS CA,380924121301901,38.15665,-121.5051889,2024-07-30 20:39:50 UTC,-30.6233975,0.0,0.0,0.0
STATEN ISLAND NR TERMINOUS CA,380924121301901,38.15665,-121.5051889,2024-08-03 19:04:27 UTC,-30.6239036,0.0,0.0,0.0
STATEN ISLAND NR TERMINOUS CA,380924121301901,38.15665,-121.5051889,2024-08-07 17:28:50 UTC,-30.6236802,0.0,0.0,0.0
STATEN ISLAND NR TERMINOUS CA,380924121301901,38.15665,-121.5051889,2024-08-10 23:11:20 UTC,-30.6233462,0.0,0.0,0.0
STATEN ISLAND NR TERMINOUS CA,380924121301901,38.15665,-121.5051889,2024-09-30 20:03:54 UTC,-30.6238818,0.0,0.0,0.0
STATEN ISLAND NR TERMINOUS CA,380924121301901,38.15665,-121.5051889,2024-10-11 22:36:14 UTC,-30.6233953,0.0,0.0,0.0
SUISUN BAY A VAN SICKLE ISLAND NR PITTSBURG CA,11455508,38.04953056,-121.88755,2023-03-27 23:01:16 UTC,-31.8628245,0.0,0.0,1.0
SUISUN BAY A VAN SICKLE ISLAND NR PITTSBURG CA,11455508,38.04953056,-121.88755,2023-05-27 22:53:15 UTC,-31.863199,0.0,0.0,1.0
SUISUN BAY A VAN SICKLE ISLAND NR PITTSBURG CA,11455508,38.04953056,-121.88755,2023-08-07 18:27:32 UTC,-31.8628265,0.0,0.0,1.0
SUISUN BAY A VAN SICKLE ISLAND NR PITTSBURG CA,11455508,38.04953056,-121.88755,2023-08-14 22:34:53 UTC,-31.8631972,0.0,0.0,1.0
SUISUN BAY A VAN SICKLE ISLAND NR PITTSBURG CA,11455508,38.04953056,-121.88755,2023-08-18 21:00:19 UTC,-31.8631032,0.0,0.0,1.0
SUISUN BAY A VAN SICKLE ISLAND NR PITTSBURG CA,11455508,38.04953056,-121.88755,2023-08-22 19:25:19 UTC,-31.8629326,0.0,0.0,1.0
SUISUN BAY A VAN SICKLE ISLAND NR PITTSBURG CA,11455508,38.04953056,-121.88755,2023-09-26 22:33:56 UTC,-31.8631278,0.0,0.0,1.0
SUISUN BAY A VAN SICKLE ISLAND NR PITTSBURG CA,11455508,38.04953056,-121.88755,2024-02-03 19:12:40 UTC,-31.8629796,0.0,0.0,0.0
SUISUN BAY A VAN SICKLE ISLAND NR PITTSBURG CA,11455508,38.04953056,-121.88755,2024-02-18 20:07:36 UTC,-31.8627747,0.0,0.0,1.0
SUISUN BAY A VAN SICKLE ISLAND NR PITTSBURG CA,11455508,38.04953056,-121.88755,2024-03-24 23:21:06 UTC,-31.8629771,0.0,0.0,1.0
SUISUN BAY A VAN SICKLE ISLAND NR PITTSBURG CA,11455508,38.04953056,-121.88755,2024-03-28 21:46:00 UTC,-31.863157,0.0,0.0,0.0
SUISUN BAY A VAN SICKLE ISLAND NR PITTSBURG CA,11455508,38.04953056,-121.88755,2024-04-01 20:10:09 UTC,-31.863177,0.0,0.0,1.0
SUISUN BAY A VAN SICKLE ISLAND NR PITTSBURG CA,11455508,38.04953056,-121.88755,2024-07-30 20:39:50 UTC,-31.8628441,0.0,0.0,0.0
SUISUN BAY A VAN SICKLE ISLAND NR PITTSBURG CA,11455508,38.04953056,-121.88755,2024-08-03 19:04:15 UTC,-31.8632082,0.0,0.0,1.0
SUISUN BAY A VAN SICKLE ISLAND NR PITTSBURG CA,11455508,38.04953056,-121.88755,2024-08-10 23:11:20 UTC,-31.8628714,0.0,0.0,1.0
SUISUN BAY A VAN SICKLE ISLAND NR PITTSBURG CA,11455508,38.04953056,-121.88755,2024-09-26 21:39:56 UTC,-31.8632102,0.0,0.0,1.0
Southern Mozingo Reservoir near Pickering,402109094464601,40.35261667,-94.7794917,2024-01-30 19:15:23 UTC,289.8476414,0.0,0.0,0.0
Southern Mozingo Reservoir near Pickering,402109094464601,40.35261667,-94.7794917,2024-02-23 16:08:52 UTC,289.8478255,0.0,0.0,1.0
Southern Mozingo Reservoir near Pickering,402109094464601,40.35261667,-94.7794917,2024-03-28 20:14:09 UTC,289.8475942,0.0,0.0,1.0
Southern Mozingo Reservoir near Pickering,402109094464601,40.35261667,-94.7794917,2024-04-01 18:38:23 UTC,289.8474416,0.0,1.0,0.0
Southern Mozingo Reservoir near Pickering,402109094464601,40.35261667,-94.7794917,2024-04-13 20:17:46 UTC,289.8478171,1.0,0.0,0.0
Southern Mozingo Reservoir near Pickering,402109094464601,40.35261667,-94.7794917,2024-07-30 19:07:59 UTC,289.8476138,0.0,0.0,0.0
Southern Mozingo Reservoir near Pickering,402109094464601,40.35261667,-94.7794917,2024-08-03 17:32:24 UTC,289.8478424,0.0,0.0,0.0
Southern Mozingo Reservoir near Pickering,402109094464601,40.35261667,-94.7794917,2024-10-12 20:15:29 UTC,289.8479417,0.0,0.0,0.0
WEST HARBOR AT OYSTER BAY NWR AT BAYVILLE NY,01303152,40.90355556,-73.5433611,2023-06-19 17:15:13 UTC,-29.6092564,0.0,0.0,0.0
WEST HARBOR AT OYSTER BAY NWR AT BAYVILLE NY,01303152,40.90355556,-73.5433611,2023-08-15 18:40:58 UTC,-29.5198086,0.0,0.0,1.0
WEST HARBOR AT OYSTER BAY NWR AT BAYVILLE NY,01303152,40.90355556,-73.5433611,2023-08-19 17:06:24 UTC,-29.5075046,0.0,0.0,0.0
WEST HARBOR AT OYSTER BAY NWR AT BAYVILLE NY,01303152,40.90355556,-73.5433611,2023-08-23 15:31:24 UTC,-28.7118869,0.0,0.0,1.0
WEST HARBOR AT OYSTER BAY NWR AT BAYVILLE NY,01303152,40.90355556,-73.5433611,2024-04-08 14:40:30 UTC,-29.5817651,0.0,0.0,0.0
WEST HARBOR AT OYSTER BAY NWR AT BAYVILLE NY,01303152,40.90355556,-73.5433611,2024-08-11 19:17:03 UTC,-29.6304115,0.0,0.0,0.0
WEST HARBOR AT OYSTER BAY NWR AT BAYVILLE NY,01303152,40.90355556,-73.5433611,2024-10-07 14:35:45 UTC,-27.9012013,0.0,0.0,1.0
WILLOW CREEK RESERVOIR NEAR DAM NEAR GRANBY,400853105563701,40.14805556,-105.9436111,2023-01-30 20:27:47 UTC,2468.8591951,0.0,0.0,1.0
WILLOW CREEK RESERVOIR NEAR DAM NEAR GRANBY,400853105563701,40.14805556,-105.9436111,2023-02-03 18:50:01 UTC,2468.859248,0.0,0.0,0.0
WILLOW CREEK RESERVOIR NEAR DAM NEAR GRANBY,400853105563701,40.14805556,-105.9436111,2023-03-29 21:27:54 UTC,2468.8592892,1.0,0.0,0.0
WILLOW CREEK RESERVOIR NEAR DAM NEAR GRANBY,400853105563701,40.14805556,-105.9436111,2023-04-02 19:53:26 UTC,2468.8592311,0.0,0.0,0.0
WILLOW CREEK RESERVOIR NEAR DAM NEAR GRANBY,400853105563701,40.14805556,-105.9436111,2023-04-06 18:18:42 UTC,2468.8591494,0.0,0.0,0.0
WILLOW CREEK RESERVOIR NEAR DAM NEAR GRANBY,400853105563701,40.14805556,-105.9436111,2023-04-18 20:01:06 UTC,2468.8589827,0.0,0.0,0.0
WILLOW CREEK RESERVOIR NEAR DAM NEAR GRANBY,400853105563701,40.14805556,-105.9436111,2023-05-29 21:18:59 UTC,2468.8592688,0.0,0.0,1.0
WILLOW CREEK RESERVOIR NEAR DAM NEAR GRANBY,400853105563701,40.14805556,-105.9436111,2023-06-25 17:08:14 UTC,2468.8592613,0.0,0.0,1.0
WILLOW CREEK RESERVOIR NEAR DAM NEAR GRANBY,400853105563701,40.14805556,-105.9436111,2023-08-09 16:53:38 UTC,2468.8590916,0.0,0.0,1.0
WILLOW CREEK RESERVOIR NEAR DAM NEAR GRANBY,400853105563701,40.14805556,-105.9436111,2023-10-02 19:25:02 UTC,2468.8591583,0.0,0.0,1.0
WILLOW CREEK RESERVOIR NEAR DAM NEAR GRANBY,400853105563701,40.14805556,-105.9436111,2023-10-14 21:04:51 UTC,2468.8591775,0.0,0.0,0.0
WILLOW CREEK RESERVOIR NEAR DAM NEAR GRANBY,400853105563701,40.14805556,-105.9436111,2024-04-07 17:00:08 UTC,2468.8589185,0.0,0.0,0.0
WILLOW CREEK RESERVOIR NEAR DAM NEAR GRANBY,400853105563701,40.14805556,-105.9436111,2024-05-21 23:30:14 UTC,2468.859198,0.0,0.0,1.0
WILLOW CREEK RESERVOIR NEAR DAM NEAR GRANBY,400853105563701,40.14805556,-105.9436111,2024-06-09 22:28:34 UTC,2468.9895844,0.0,0.0,0.0
WILLOW CREEK RESERVOIR NEAR DAM NEAR GRANBY,400853105563701,40.14805556,-105.9436111,2024-08-01 19:06:27 UTC,2468.858777,0.0,0.0,0.0
WILLOW CREEK RESERVOIR NEAR DAM NEAR GRANBY,400853105563701,40.14805556,-105.9436111,2024-08-05 17:31:12 UTC,2468.8589627,0.0,0.0,1.0
WILLOW CREEK RESERVOIR NEAR DAM NEAR GRANBY,400853105563701,40.14805556,-105.9436111,2024-08-17 19:11:09 UTC,2468.9396598,0.0,0.0,1.0
WILLOW CREEK RESERVOIR NEAR DAM NEAR GRANBY,400853105563701,40.14805556,-105.9436111,2024-10-02 18:30:10 UTC,2468.859197,0.0,0.0,1.0
WILLOW CREEK RESERVOIR NEAR DAM NEAR GRANBY,400853105563701,40.14805556,-105.9436111,2024-10-14 20:14:00 UTC,2469.293617,0.0,0.0,1.0
WINDY GAP RESERVOIR NR PUMP INTAKES NR GRANBY,400631105585501,40.10841667,-105.9823611,2023-01-30 20:27:47 UTC,2381.9722091,1.0,1.0,0.0
WINDY GAP RESERVOIR NR PUMP INTAKES NR GRANBY,400631105585501,40.10841667,-105.9823611,2023-02-03 18:50:01 UTC,2382.1861024,0.0,0.0,0.0
WINDY GAP RESERVOIR NR PUMP INTAKES NR GRANBY,400631105585501,40.10841667,-105.9823611,2023-03-29 21:27:54 UTC,2381.6056347,0.0,0.0,0.0
WINDY GAP RESERVOIR NR PUMP INTAKES NR GRANBY,400631105585501,40.10841667,-105.9823611,2023-04-02 19:53:26 UTC,2382.6575735,0.0,0.0,0.0
WINDY GAP RESERVOIR NR PUMP INTAKES NR GRANBY,400631105585501,40.10841667,-105.9823611,2023-04-06 18:18:42 UTC,2381.3150087,0.0,0.0,0.0
WINDY GAP RESERVOIR NR PUMP INTAKES NR GRANBY,400631105585501,40.10841667,-105.9823611,2023-04-18 20:01:06 UTC,2382.0094312,0.0,0.0,1.0
WINDY GAP RESERVOIR NR PUMP INTAKES NR GRANBY,400631105585501,40.10841667,-105.9823611,2023-05-29 21:18:59 UTC,2380.7384749,1.0,1.0,0.0
WINDY GAP RESERVOIR NR PUMP INTAKES NR GRANBY,400631105585501,40.10841667,-105.9823611,2023-06-25 17:08:14 UTC,2381.693459,0.0,0.0,0.0
WINDY GAP RESERVOIR NR PUMP INTAKES NR GRANBY,400631105585501,40.10841667,-105.9823611,2023-08-09 16:53:38 UTC,2381.3787967,0.0,0.0,0.0
WINDY GAP RESERVOIR NR PUMP INTAKES NR GRANBY,400631105585501,40.10841667,-105.9823611,2023-10-02 19:25:02 UTC,2381.9186084,0.0,0.0,1.0
WINDY GAP RESERVOIR NR PUMP INTAKES NR GRANBY,400631105585501,40.10841667,-105.9823611,2024-04-07 17:00:08 UTC,2382.2745007,0.0,0.0,0.0
WINDY GAP RESERVOIR NR PUMP INTAKES NR GRANBY,400631105585501,40.10841667,-105.9823611,2024-05-21 23:30:14 UTC,2382.2194033,0.0,0.0,1.0
WINDY GAP RESERVOIR NR PUMP INTAKES NR GRANBY,400631105585501,40.10841667,-105.9823611,2024-06-09 22:28:34 UTC,2383.3281155,0.0,0.0,0.0
WINDY GAP RESERVOIR NR PUMP INTAKES NR GRANBY,400631105585501,40.10841667,-105.9823611,2024-08-01 19:06:27 UTC,2382.4673442,0.0,0.0,0.0
WINDY GAP RESERVOIR NR PUMP INTAKES NR GRANBY,400631105585501,40.10841667,-105.9823611,2024-08-05 17:31:12 UTC,2382.1046034,0.0,0.0,0.0
WINDY GAP RESERVOIR NR PUMP INTAKES NR GRANBY,400631105585501,40.10841667,-105.9823611,2024-08-17 19:11:09 UTC,2382.2050319,0.0,0.0,0.0
WINDY GAP RESERVOIR NR PUMP INTAKES NR GRANBY,400631105585501,40.10841667,-105.9823611,2024-10-02 18:29:58 UTC,2381.2392947,0.0,0.0,0.0
WINDY GAP RESERVOIR NR PUMP INTAKES NR GRANBY,400631105585501,40.10841667,-105.9823611,2024-10-14 20:14:00 UTC,2382.6226236,0.0,0.0,0.0
WOLFORD MTN RESERVOIR NR KREMMLING,09041395,40.1127629,-106.4150324,2023-01-30 20:27:47 UTC,2263.3913271,0.0,0.0,0.0
WOLFORD MTN RESERVOIR NR KREMMLING,09041395,40.1127629,-106.4150324,2023-03-29 21:27:54 UTC,2256.8569643,0.0,0.0,1.0
WOLFORD MTN RESERVOIR NR KREMMLING,09041395,40.1127629,-106.4150324,2023-04-02 19:53:26 UTC,2259.2676407,0.0,0.0,0.0
WOLFORD MTN RESERVOIR NR KREMMLING,09041395,40.1127629,-106.4150324,2023-04-18 20:00:54 UTC,2271.5200365,0.0,0.0,0.0
WOLFORD MTN RESERVOIR NR KREMMLING,09041395,40.1127629,-106.4150324,2023-05-29 21:18:47 UTC,2264.7727326,1.0,1.0,0.0
WOLFORD MTN RESERVOIR NR KREMMLING,09041395,40.1127629,-106.4150324,2023-06-25 17:08:02 UTC,2270.3317743,0.0,0.0,0.0
WOLFORD MTN RESERVOIR NR KREMMLING,09041395,40.1127629,-106.4150324,2023-08-09 16:53:38 UTC,2259.0771339,0.0,0.0,0.0
WOLFORD MTN RESERVOIR NR KREMMLING,09041395,40.1127629,-106.4150324,2024-03-26 21:48:15 UTC,2257.3662193,0.0,0.0,1.0
WOLFORD MTN RESERVOIR NR KREMMLING,09041395,40.1127629,-106.4150324,2024-05-21 23:30:02 UTC,2265.6501652,0.0,0.0,1.0
WOLFORD MTN RESERVOIR NR KREMMLING,09041395,40.1127629,-106.4150324,2024-06-09 22:28:34 UTC,2267.4653563,0.0,0.0,1.0
WOLFORD MTN RESERVOIR NR KREMMLING,09041395,40.1127629,-106.4150324,2024-08-01 19:06:16 UTC,2261.5130761,0.0,0.0,0.0
WOLFORD MTN RESERVOIR NR KREMMLING,09041395,40.1127629,-106.4150324,2024-08-05 17:31:00 UTC,2252.0430443,0.0,0.0,0.0
WOLFORD MTN RESERVOIR NR KREMMLING,09041395,40.1127629,-106.4150324,2024-08-13 20:48:32 UTC,2271.953807,0.0,0.0,1.0
WOLFORD MTN RESERVOIR NR KREMMLING,09041395,40.1127629,-106.4150324,2024-08-17 19:10:58 UTC,2259.7600519,0.0,0.0,0.0
WOLFORD MTN RESERVOIR NR KREMMLING,09041395,40.1127629,-106.4150324,2024-10-14 20:14:00 UTC,2271.9985615,0.0,0.0,0.0
